Timestamp,Species,Threat Level,Response Time (s)
2025-06-22 03:55:10,Non-venomous,0.48,0.318
2025-06-22 03:55:10,Venomous,0.55,0.378
2025-06-22 03:55:11,Venomous,0.53,0.378
2025-06-22 03:55:11,Venomous,0.53,0.281
2025-06-22 03:55:12,Venomous,0.55,0.299
2025-06-22 03:55:12,Venomous,0.56,0.287
2025-06-22 03:55:12,Venomous,0.56,0.27
2025-06-22 03:55:12,Venomous,0.53,0.271
2025-06-22 03:55:13,Venomous,0.54,0.297
2025-06-22 03:55:13,Venomous,0.53,0.28
2025-06-22 03:55:13,Venomous,0.56,0.281
2025-06-22 03:55:14,Venomous,0.58,0.292
2025-06-22 03:55:14,Venomous,0.61,0.283
2025-06-22 03:55:14,Venomous,0.61,0.284
2025-06-22 03:55:15,Venomous,0.59,0.289
2025-06-22 03:55:15,Venomous,0.59,0.294
2025-06-22 03:55:15,Venomous,0.58,0.29
2025-06-22 03:55:15,Venomous,0.58,0.279
2025-06-22 03:55:16,Venomous,0.58,0.294
2025-06-22 03:55:16,Venomous,0.58,0.277
2025-06-22 03:55:16,Venomous,0.56,0.274
2025-06-22 03:55:17,Venomous,0.57,0.287
2025-06-22 03:55:17,Venomous,0.56,0.285
2025-06-22 03:55:17,Venomous,0.57,0.293
2025-06-22 03:55:18,Venomous,0.57,0.279
2025-06-22 03:55:18,Non-venomous,0.49,0.288
2025-06-22 03:55:18,Non-venomous,0.50,0.292
2025-06-22 03:55:19,Non-venomous,0.48,0.277
2025-06-22 03:55:19,Venomous,0.51,0.293
2025-06-22 03:55:19,Venomous,0.51,0.29
2025-06-22 03:55:19,Venomous,0.54,0.289
2025-06-22 03:55:20,Venomous,0.54,0.288
2025-06-22 03:55:20,Venomous,0.54,0.283
2025-06-22 03:55:20,Venomous,0.54,0.281
2025-06-22 03:55:21,Venomous,0.55,0.292
2025-06-22 03:55:21,Venomous,0.54,0.29
2025-06-22 03:55:21,Venomous,0.55,0.29
2025-06-22 03:55:22,Venomous,0.54,0.286
2025-06-22 03:55:22,Venomous,0.54,0.293
2025-06-22 03:55:22,Venomous,0.55,0.288
2025-06-22 03:55:23,Venomous,0.55,0.288
2025-06-22 03:55:23,Venomous,0.54,0.286
2025-06-22 03:55:23,Venomous,0.52,0.287
2025-06-22 03:55:23,Venomous,0.55,0.289
2025-06-22 03:55:24,Venomous,0.55,0.287
2025-06-22 03:55:24,Venomous,0.53,0.301
2025-06-22 03:55:24,Venomous,0.52,0.274
2025-06-22 03:55:25,Venomous,0.52,0.292
2025-06-22 03:55:25,Venomous,0.53,0.283
2025-06-22 03:55:25,Venomous,0.54,0.286
2025-06-22 03:55:26,Venomous,0.52,0.292
2025-06-22 03:55:26,Venomous,0.52,0.298
2025-06-22 03:55:26,Venomous,0.51,0.28
2025-06-22 03:55:27,Venomous,0.51,0.275
2025-06-22 03:55:27,Venomous,0.54,0.29
2025-06-22 03:55:27,Venomous,0.53,0.295
2025-06-22 03:55:27,Venomous,0.53,0.29
2025-06-22 03:55:28,Non-venomous,0.50,0.28
2025-06-22 03:55:28,Venomous,0.53,0.279
2025-06-22 03:55:28,Venomous,0.54,0.294
2025-06-22 03:55:29,Venomous,0.54,0.284
2025-06-22 03:55:29,Venomous,0.52,0.289
2025-06-22 03:55:29,Venomous,0.58,0.286
2025-06-22 03:55:30,Venomous,0.55,0.293
2025-06-22 03:55:30,Venomous,0.56,0.289
2025-06-22 03:55:30,Venomous,0.56,0.288
2025-06-22 03:55:31,Venomous,0.56,0.342
2025-06-22 03:55:31,Venomous,0.56,0.296
2025-06-22 03:55:31,Venomous,0.56,0.296
2025-06-22 03:55:32,Venomous,0.60,0.286
2025-06-22 03:55:32,Venomous,0.61,0.283
2025-06-22 03:55:32,Venomous,0.60,0.282
2025-06-22 03:55:32,Venomous,0.61,0.291
2025-06-22 03:55:33,Venomous,0.61,0.289
2025-06-22 03:55:33,Venomous,0.61,0.285
2025-06-22 03:55:33,Venomous,0.61,0.293
2025-06-22 03:55:34,Venomous,0.57,0.286
2025-06-22 03:55:34,Venomous,0.56,0.29
2025-06-22 03:55:34,Venomous,0.56,0.287
2025-06-22 03:55:35,Non-venomous,0.50,0.287
2025-06-22 03:55:35,Venomous,0.53,0.295
2025-06-22 03:55:35,Venomous,0.54,0.283
2025-06-22 03:55:36,Venomous,0.54,0.285
2025-06-22 03:55:36,Venomous,0.59,0.291
2025-06-22 03:55:36,Venomous,0.61,0.268
2025-06-22 03:55:36,Venomous,0.60,0.235
2025-06-22 03:55:37,Venomous,0.59,0.254
2025-06-22 03:55:37,Venomous,0.61,0.231
2025-06-22 03:55:37,Venomous,0.58,0.256
2025-06-22 03:55:37,Venomous,0.58,0.242
2025-06-22 03:55:38,Venomous,0.59,0.251
2025-06-22 03:55:38,Venomous,0.59,0.221
2025-06-22 03:55:38,Venomous,0.58,0.245
2025-06-22 03:55:38,Venomous,0.59,0.249
2025-06-22 03:55:39,Venomous,0.58,0.251
2025-06-22 03:55:39,Venomous,0.59,0.23
2025-06-22 03:55:39,Venomous,0.58,0.247
2025-06-22 03:55:40,Venomous,0.57,0.237
2025-06-22 03:55:40,Venomous,0.57,0.221
2025-06-22 03:55:40,Venomous,0.58,0.252
2025-06-22 03:55:40,Venomous,0.59,0.224
2025-06-22 03:55:41,Venomous,0.58,0.249
2025-06-22 03:55:41,Venomous,0.58,0.256
2025-06-22 03:55:41,Venomous,0.58,0.254
2025-06-22 03:55:41,Venomous,0.59,0.255
2025-06-22 04:48:46,Non-venomous,0.47,0.925
2025-06-22 04:48:47,Non-venomous,0.60,0.468
2025-06-22 04:48:48,Non-venomous,0.59,0.482
2025-06-22 04:48:48,Non-venomous,0.60,0.373
2025-06-22 04:48:48,Non-venomous,0.56,0.368
2025-06-22 04:48:49,Non-venomous,0.56,0.347
2025-06-22 04:48:49,Non-venomous,0.54,0.359
2025-06-22 04:48:50,Non-venomous,0.54,0.353
2025-06-22 04:48:50,Non-venomous,0.58,0.389
2025-06-22 04:48:50,Non-venomous,0.59,0.353
2025-06-22 04:48:51,Non-venomous,0.60,0.354
2025-06-22 04:48:51,Non-venomous,0.60,0.351
2025-06-22 04:48:51,Non-venomous,0.60,0.354
2025-06-22 04:48:52,Non-venomous,0.60,0.37
2025-06-22 04:48:52,Non-venomous,0.60,0.36
2025-06-22 04:48:53,Non-venomous,0.59,0.355
2025-06-22 04:48:53,Non-venomous,0.61,0.352
2025-06-22 04:48:53,Non-venomous,0.61,0.358
2025-06-22 04:48:54,Non-venomous,0.60,0.363
2025-06-22 04:48:54,Non-venomous,0.58,0.352
2025-06-22 04:48:54,Non-venomous,0.60,0.351
2025-06-22 04:48:55,Non-venomous,0.57,0.347
2025-06-22 04:48:55,Non-venomous,0.57,0.36
2025-06-22 04:48:56,Non-venomous,0.63,0.361
2025-06-22 04:48:56,Non-venomous,0.62,0.355
2025-06-22 04:48:56,Non-venomous,0.56,0.379
2025-06-22 04:48:57,Non-venomous,0.54,0.364
2025-06-22 04:48:57,Non-venomous,0.54,0.377
2025-06-22 04:48:58,Non-venomous,0.57,0.348
2025-06-22 04:48:58,Non-venomous,0.58,0.366
2025-06-22 04:48:58,Non-venomous,0.60,0.443
2025-06-22 04:48:59,Non-venomous,0.62,0.355
2025-06-22 04:48:59,Non-venomous,0.60,0.359
2025-06-22 04:48:59,Non-venomous,0.61,0.345
2025-06-22 04:49:00,Non-venomous,0.61,0.342
2025-06-22 04:49:00,Non-venomous,0.59,0.368
2025-06-22 04:49:01,Non-venomous,0.59,0.363
2025-06-22 04:49:01,Non-venomous,0.59,0.373
2025-06-22 04:49:01,Non-venomous,0.60,0.384
2025-06-22 04:49:02,Non-venomous,0.59,0.364
2025-06-22 04:49:02,Non-venomous,0.59,0.368
2025-06-22 04:49:03,Non-venomous,0.53,0.357
2025-06-22 04:49:03,Non-venomous,0.58,0.342
2025-06-22 04:49:03,Non-venomous,0.51,0.344
2025-06-22 04:49:04,Non-venomous,0.46,0.346
2025-06-22 04:49:04,Non-venomous,0.52,0.359
2025-06-22 04:49:04,Non-venomous,0.51,0.355
2025-06-22 04:49:05,Non-venomous,0.53,0.368
2025-06-22 04:49:05,Non-venomous,0.46,0.347
2025-06-22 04:49:06,Non-venomous,0.45,0.366
2025-06-22 04:49:06,Non-venomous,0.39,0.373
2025-06-22 04:49:06,Non-venomous,0.40,0.352
2025-06-22 04:49:07,Non-venomous,0.44,0.36
2025-06-22 04:49:07,Non-venomous,0.41,0.358
2025-06-22 04:49:07,Non-venomous,0.39,0.358
2025-06-22 04:49:08,Non-venomous,0.54,0.356
2025-06-22 04:49:08,Non-venomous,0.48,0.37
2025-06-22 04:49:09,Non-venomous,0.48,0.357
2025-06-22 04:49:09,Non-venomous,0.46,0.37
2025-06-22 04:49:09,Non-venomous,0.45,0.367
2025-06-22 04:49:10,Non-venomous,0.44,0.357
2025-06-22 04:49:10,Non-venomous,0.44,0.35
2025-06-22 04:49:11,Non-venomous,0.44,0.362
2025-06-22 04:49:11,Non-venomous,0.59,0.357
2025-06-22 04:49:11,Non-venomous,0.61,0.355
2025-06-22 04:49:12,Non-venomous,0.59,0.37
2025-06-22 04:49:12,Non-venomous,0.60,0.378
2025-06-22 04:49:12,Non-venomous,0.62,0.38
2025-06-22 04:49:13,Non-venomous,0.61,0.348
2025-06-22 04:49:13,Non-venomous,0.60,0.356
2025-06-22 04:49:14,Non-venomous,0.61,0.349
2025-06-22 04:49:14,Non-venomous,0.59,0.353
2025-06-22 04:49:14,Non-venomous,0.62,0.367
2025-06-22 04:49:15,Non-venomous,0.62,0.355
2025-06-22 04:49:15,Non-venomous,0.60,0.363
2025-06-22 04:49:15,Non-venomous,0.60,0.367
2025-06-22 04:49:16,Non-venomous,0.59,0.348
2025-06-22 04:49:16,Non-venomous,0.55,0.35
2025-06-22 04:49:17,Non-venomous,0.57,0.355
2025-06-22 04:49:17,Non-venomous,0.57,0.361
2025-06-22 04:49:17,Non-venomous,0.53,0.364
2025-06-22 04:49:18,Non-venomous,0.59,0.345
2025-06-22 04:49:18,Non-venomous,0.59,0.352
2025-06-22 04:49:18,Non-venomous,0.62,0.352
2025-06-22 04:49:19,Non-venomous,0.63,0.356
2025-06-22 04:49:19,Non-venomous,0.59,0.35
2025-06-22 04:49:20,Non-venomous,0.59,0.364
2025-06-22 04:49:20,Non-venomous,0.58,0.348
2025-06-22 04:49:20,Non-venomous,0.58,0.351
2025-06-22 04:49:21,Non-venomous,0.56,0.379
2025-06-22 04:49:21,Non-venomous,0.60,0.35
2025-06-22 04:49:21,Non-venomous,0.59,0.349
2025-06-22 04:49:22,Non-venomous,0.59,0.363
2025-06-22 04:49:22,Non-venomous,0.59,0.377
2025-06-22 04:49:23,Non-venomous,0.60,0.362
2025-06-22 04:49:23,Non-venomous,0.65,0.354
2025-06-22 04:49:23,Non-venomous,0.63,0.361
2025-06-22 04:49:24,Non-venomous,0.60,0.371
2025-06-22 04:49:24,Non-venomous,0.57,0.353
2025-06-22 04:49:25,Non-venomous,0.59,0.352
2025-06-22 04:49:25,Non-venomous,0.60,0.356
2025-06-22 04:49:25,Non-venomous,0.60,0.355
2025-06-22 04:49:26,Non-venomous,0.61,0.353
2025-06-22 04:49:26,Non-venomous,0.61,0.368
2025-06-22 04:49:26,Non-venomous,0.61,0.349
2025-06-22 04:49:27,Non-venomous,0.59,0.359
2025-06-22 04:49:27,Non-venomous,0.55,0.347
2025-06-22 04:49:28,Non-venomous,0.48,0.351
2025-06-22 04:49:28,Non-venomous,0.52,0.361
2025-06-22 04:49:28,Non-venomous,0.59,0.373
2025-06-22 04:49:29,Non-venomous,0.61,0.374
2025-06-22 04:49:29,Non-venomous,0.61,0.346
2025-06-22 04:49:29,Non-venomous,0.57,0.355
2025-06-22 04:49:30,Non-venomous,0.59,0.359
2025-06-22 04:49:30,Non-venomous,0.59,0.362
2025-06-22 04:49:31,Non-venomous,0.59,0.348
2025-06-22 04:49:31,Non-venomous,0.58,0.362
2025-06-22 04:49:31,Non-venomous,0.55,0.359
2025-06-22 04:49:32,Non-venomous,0.53,0.355
2025-06-22 04:49:32,Non-venomous,0.59,0.356
2025-06-22 04:49:32,Non-venomous,0.58,0.359
2025-06-22 04:49:33,Non-venomous,0.60,0.346
2025-06-22 04:49:33,Non-venomous,0.61,0.365
2025-06-22 04:49:34,Non-venomous,0.60,0.346
2025-06-22 04:49:34,Non-venomous,0.62,0.354
2025-06-22 04:49:34,Non-venomous,0.61,0.363
2025-06-22 04:49:35,Non-venomous,0.62,0.358
2025-06-22 04:49:35,Non-venomous,0.60,0.35
2025-06-22 04:49:35,Non-venomous,0.61,0.353
2025-06-22 04:49:36,Non-venomous,0.59,0.351
2025-06-22 04:49:36,Non-venomous,0.59,0.366
2025-06-22 04:49:37,Non-venomous,0.58,0.358
2025-06-22 04:49:37,Non-venomous,0.61,0.352
2025-06-22 04:49:37,Non-venomous,0.61,0.354
2025-06-22 04:49:38,Non-venomous,0.61,0.364
2025-06-22 04:49:38,Non-venomous,0.61,0.349
2025-06-22 04:49:38,Non-venomous,0.60,0.359
2025-06-22 04:49:39,Non-venomous,0.61,0.371
2025-06-22 04:54:57,Non-venomous,0.47,1.1
2025-06-22 04:54:57,Non-venomous,0.39,0.41
2025-06-22 04:54:58,Non-venomous,0.39,0.394
2025-06-22 04:54:58,Non-venomous,0.45,0.308
2025-06-22 04:54:58,Non-venomous,0.39,0.325
2025-06-22 04:54:59,Non-venomous,0.41,0.34
2025-06-22 04:54:59,Non-venomous,0.41,0.319
2025-06-22 04:54:59,Non-venomous,0.43,0.304
2025-06-22 04:55:00,Non-venomous,0.43,0.316
2025-06-22 04:55:00,Non-venomous,0.43,0.302
2025-06-22 04:55:00,Non-venomous,0.45,0.321
2025-06-22 04:55:01,Non-venomous,0.42,0.303
2025-06-22 04:55:01,Non-venomous,0.44,0.321
2025-06-22 04:55:01,Non-venomous,0.43,0.308
2025-06-22 04:55:02,Non-venomous,0.43,0.315
2025-06-22 04:55:02,Non-venomous,0.50,0.374
2025-06-22 04:55:02,Non-venomous,0.43,0.336
2025-06-22 04:55:03,Non-venomous,0.43,0.309
2025-06-22 04:55:03,Non-venomous,0.45,0.317
2025-06-22 04:55:03,Non-venomous,0.46,0.307
2025-06-22 04:55:04,Non-venomous,0.47,0.36
2025-06-22 04:55:04,Non-venomous,0.54,0.41
2025-06-22 04:55:05,Non-venomous,0.43,0.375
2025-06-22 04:55:05,Non-venomous,0.55,0.356
2025-06-22 04:55:05,Non-venomous,0.49,0.348
2025-06-22 04:55:06,Non-venomous,0.46,0.343
2025-06-22 04:55:06,Non-venomous,0.45,0.352
2025-06-22 04:55:07,Non-venomous,0.43,0.359
2025-06-22 04:55:07,Non-venomous,0.46,0.36
2025-06-22 04:55:07,Non-venomous,0.47,0.369
2025-06-22 04:55:08,Non-venomous,0.47,0.429
2025-06-22 04:55:08,Non-venomous,0.39,0.346
2025-06-22 04:55:09,Non-venomous,0.39,0.36
2025-06-22 04:55:09,Non-venomous,0.41,0.355
2025-06-22 04:55:09,Non-venomous,0.44,0.355
2025-06-22 04:55:10,Non-venomous,0.51,0.354
2025-06-22 04:55:10,Non-venomous,0.49,0.347
2025-06-22 04:55:10,Non-venomous,0.46,0.366
2025-06-22 04:55:11,Non-venomous,0.48,0.358
2025-06-22 04:55:11,Non-venomous,0.54,0.347
2025-06-22 04:55:12,Non-venomous,0.49,0.364
2025-06-22 04:55:12,Non-venomous,0.43,0.359
2025-06-22 04:55:12,Non-venomous,0.46,0.355
2025-06-22 04:55:13,Non-venomous,0.45,0.363
2025-06-22 04:55:13,Non-venomous,0.47,0.342
2025-06-22 04:55:13,Non-venomous,0.61,0.372
2025-06-22 04:55:14,Non-venomous,0.60,0.366
2025-06-22 04:55:14,Non-venomous,0.65,0.35
2025-06-22 04:55:15,Non-venomous,0.66,0.353
2025-06-22 04:55:15,Non-venomous,0.64,0.354
2025-06-22 04:55:15,Non-venomous,0.56,0.357
2025-06-22 04:55:16,Non-venomous,0.53,0.353
2025-06-22 04:55:16,Non-venomous,0.55,0.361
2025-06-22 04:55:16,Non-venomous,0.57,0.351
2025-06-22 04:55:17,Non-venomous,0.57,0.356
2025-06-22 04:55:17,Non-venomous,0.52,0.362
2025-06-22 04:55:18,Non-venomous,0.55,0.351
2025-06-22 04:55:18,Non-venomous,0.54,0.367
2025-06-22 04:55:18,Non-venomous,0.56,0.348
2025-06-22 04:55:19,Non-venomous,0.54,0.348
2025-06-22 04:55:19,Non-venomous,0.50,0.351
2025-06-22 04:55:19,Non-venomous,0.44,0.357
2025-06-22 04:55:20,Non-venomous,0.46,0.362
2025-06-22 04:55:20,Non-venomous,0.47,0.357
2025-06-22 04:55:21,Non-venomous,0.54,0.356
2025-06-22 04:55:21,Non-venomous,0.52,0.355
2025-06-22 04:55:21,Non-venomous,0.55,0.368
2025-06-22 04:55:22,Non-venomous,0.50,0.355
2025-06-22 04:55:22,Non-venomous,0.58,0.358
2025-06-22 04:55:22,Non-venomous,0.51,0.354
2025-06-22 04:55:23,Non-venomous,0.53,0.358
2025-06-22 04:55:23,Non-venomous,0.56,0.352
2025-06-22 04:55:24,Non-venomous,0.50,0.349
2025-06-22 04:55:24,Non-venomous,0.52,0.357
2025-06-22 04:55:24,Non-venomous,0.47,0.377
2025-06-22 04:55:25,Non-venomous,0.54,0.341
2025-06-22 04:55:25,Non-venomous,0.52,0.358
2025-06-22 04:55:25,Non-venomous,0.52,0.37
2025-06-22 04:55:26,Non-venomous,0.48,0.35
2025-06-22 04:55:26,Non-venomous,0.55,0.362
2025-06-22 04:55:27,Non-venomous,0.50,0.368
2025-06-22 04:55:27,Non-venomous,0.57,0.369
2025-06-22 04:55:27,Non-venomous,0.55,0.361
2025-06-22 04:55:28,Non-venomous,0.54,0.341
2025-06-22 04:55:28,Non-venomous,0.57,0.366
2025-06-22 04:55:28,Non-venomous,0.55,0.363
2025-06-22 04:55:29,Non-venomous,0.59,0.339
2025-06-22 04:55:29,Non-venomous,0.52,0.358
2025-06-22 04:55:30,Non-venomous,0.56,0.351
2025-06-22 04:55:30,Non-venomous,0.53,0.358
2025-06-22 04:55:30,Non-venomous,0.59,0.352
2025-06-22 04:55:31,Non-venomous,0.66,0.369
2025-06-22 04:55:31,Non-venomous,0.61,0.348
2025-06-22 04:55:31,Non-venomous,0.58,0.353
2025-06-22 04:55:32,Non-venomous,0.57,0.357
2025-06-22 04:55:32,Non-venomous,0.59,0.352
2025-06-22 04:55:33,Non-venomous,0.56,0.352
2025-06-22 04:55:33,Non-venomous,0.58,0.357
2025-06-22 04:55:33,Non-venomous,0.62,0.344
2025-06-22 04:55:34,Non-venomous,0.65,0.348
2025-06-22 04:55:34,Non-venomous,0.63,0.352
2025-06-22 04:55:34,Non-venomous,0.60,0.358
2025-06-22 04:55:35,Non-venomous,0.53,0.364
2025-06-22 04:55:35,Non-venomous,0.54,0.353
2025-06-22 04:55:36,Non-venomous,0.64,0.354
2025-06-22 04:55:36,Non-venomous,0.62,0.347
2025-06-22 04:55:36,Non-venomous,0.56,0.354
2025-06-22 04:55:37,Non-venomous,0.62,0.356
2025-06-22 04:55:37,Non-venomous,0.61,0.379
2025-06-22 04:55:37,Non-venomous,0.68,0.344
2025-06-22 04:55:38,Non-venomous,0.59,0.364
2025-06-22 04:55:38,Non-venomous,0.62,0.348
2025-06-22 04:55:39,Non-venomous,0.63,0.356
2025-06-22 04:55:39,Non-venomous,0.62,0.358
2025-06-22 04:55:39,Non-venomous,0.59,0.359
2025-06-22 04:55:40,Non-venomous,0.64,0.343
2025-06-22 04:55:40,Non-venomous,0.57,0.361
2025-06-22 04:55:40,Non-venomous,0.51,0.363
2025-06-22 04:55:41,Non-venomous,0.69,0.352
2025-06-22 04:55:41,Non-venomous,0.58,0.364
2025-06-22 04:55:42,Non-venomous,0.64,0.359
2025-06-22 04:55:42,Non-venomous,0.55,0.356
2025-06-22 04:55:42,Non-venomous,0.55,0.353
2025-06-22 04:55:43,Non-venomous,0.60,0.357
2025-06-22 04:55:43,Non-venomous,0.54,0.355
2025-06-22 04:55:43,Non-venomous,0.66,0.354
2025-06-22 04:55:44,Non-venomous,0.64,0.355
2025-06-22 04:55:44,Non-venomous,0.54,0.348
2025-06-22 04:55:45,Non-venomous,0.58,0.35
2025-06-22 04:55:45,Non-venomous,0.56,0.368
2025-06-22 04:55:45,Non-venomous,0.57,0.353
2025-06-22 04:55:46,Non-venomous,0.53,0.349
2025-06-22 04:55:46,Non-venomous,0.58,0.344
2025-06-22 04:55:46,Non-venomous,0.56,0.362
2025-06-22 04:55:47,Non-venomous,0.57,0.351
2025-06-22 04:55:47,Non-venomous,0.59,0.346
2025-06-22 04:55:48,Non-venomous,0.57,0.308
2025-06-22 04:55:48,Non-venomous,0.57,0.307
2025-06-22 04:55:48,Non-venomous,0.58,0.316
2025-06-22 04:55:49,Non-venomous,0.58,0.346
2025-06-22 04:55:49,Non-venomous,0.58,0.353
2025-06-22 04:55:49,Non-venomous,0.57,0.378
2025-06-22 04:55:50,Non-venomous,0.57,0.358
2025-06-22 04:55:50,Non-venomous,0.57,0.345
2025-06-22 04:55:50,Non-venomous,0.57,0.344
2025-06-22 04:55:51,Non-venomous,0.60,0.353
2025-06-22 04:55:51,Non-venomous,0.57,0.342
2025-06-22 04:55:52,Non-venomous,0.57,0.345
2025-06-22 04:55:52,Non-venomous,0.59,0.359
2025-06-22 04:55:52,Non-venomous,0.58,0.353
2025-06-22 04:55:53,Non-venomous,0.57,0.368
2025-06-22 04:55:53,Non-venomous,0.59,0.347
2025-06-22 04:55:53,Non-venomous,0.58,0.364
2025-06-22 04:55:54,Non-venomous,0.58,0.347
2025-06-22 04:55:54,Non-venomous,0.57,0.348
2025-06-22 04:55:55,Non-venomous,0.57,0.347
2025-06-22 04:55:55,Non-venomous,0.57,0.339
2025-06-22 04:55:55,Non-venomous,0.58,0.343
2025-06-22 04:55:56,Non-venomous,0.58,0.389
2025-06-22 04:55:56,Non-venomous,0.58,0.349
2025-06-22 04:55:56,Non-venomous,0.59,0.375
2025-06-22 04:55:57,Non-venomous,0.60,0.346
2025-06-22 04:55:57,Non-venomous,0.64,0.378
2025-06-22 04:55:58,Non-venomous,0.56,0.373
2025-06-22 04:55:58,Non-venomous,0.48,0.357
2025-06-22 04:55:58,Non-venomous,0.43,0.358
2025-06-22 04:55:59,Non-venomous,0.43,0.392
2025-06-22 04:55:59,Non-venomous,0.40,0.357
2025-06-22 04:56:00,Non-venomous,0.38,0.376
2025-06-22 04:56:00,Non-venomous,0.38,0.374
2025-06-22 04:56:00,Non-venomous,0.41,0.377
2025-06-22 04:56:01,Non-venomous,0.42,0.366
2025-06-22 04:56:01,Non-venomous,0.41,0.356
2025-06-22 04:56:01,Non-venomous,0.41,0.342
2025-06-22 04:56:02,Non-venomous,0.39,0.375
2025-06-22 04:56:02,Non-venomous,0.36,0.351
2025-06-22 04:56:03,Non-venomous,0.40,0.354
2025-06-22 04:56:03,Non-venomous,0.42,0.374
2025-06-22 04:56:03,Non-venomous,0.49,0.345
2025-06-22 04:56:04,Non-venomous,0.45,0.349
2025-06-22 04:56:04,Non-venomous,0.46,0.373
2025-06-22 04:56:04,Non-venomous,0.41,0.37
2025-06-22 04:56:05,Non-venomous,0.42,0.47
2025-06-22 04:56:05,Non-venomous,0.41,0.369
2025-06-22 04:56:06,Non-venomous,0.47,0.37
2025-06-22 04:56:06,Non-venomous,0.47,0.368
2025-06-22 04:56:07,Non-venomous,0.46,0.355
2025-06-22 04:56:07,Non-venomous,0.46,0.351
2025-06-22 04:56:07,Non-venomous,0.40,0.345
2025-06-22 04:56:08,Non-venomous,0.44,0.347
2025-06-22 04:56:08,Non-venomous,0.42,0.348
2025-06-22 04:56:08,Non-venomous,0.44,0.446
2025-06-22 04:56:09,Non-venomous,0.47,0.346
2025-06-22 04:56:09,Non-venomous,0.35,0.346
2025-06-22 04:56:10,Non-venomous,0.42,0.38
2025-06-22 04:56:10,Non-venomous,0.40,0.374
2025-06-22 04:56:10,Non-venomous,0.44,0.38
2025-06-22 04:56:11,Non-venomous,0.44,0.375
2025-06-22 04:56:11,Non-venomous,0.43,0.372
2025-06-22 04:56:12,Non-venomous,0.43,0.36
2025-06-22 04:56:12,Non-venomous,0.39,0.347
2025-06-22 04:56:12,Non-venomous,0.46,0.345
2025-06-22 04:56:13,Non-venomous,0.47,0.349
2025-06-22 04:56:13,Non-venomous,0.54,0.343
2025-06-22 04:56:13,Non-venomous,0.43,0.376
2025-06-22 04:56:14,Non-venomous,0.47,0.345
2025-06-22 04:56:14,Non-venomous,0.42,0.352
2025-06-22 04:56:14,Non-venomous,0.44,0.336
2025-06-22 04:56:15,Non-venomous,0.45,0.355
2025-06-22 04:56:15,Non-venomous,0.48,0.359
2025-06-22 04:56:16,Non-venomous,0.46,0.376
2025-06-22 04:56:16,Non-venomous,0.48,0.37
2025-06-22 04:56:16,Non-venomous,0.47,0.354
2025-06-22 04:56:17,Non-venomous,0.48,0.372
2025-06-22 04:56:17,Non-venomous,0.45,0.346
2025-06-22 04:56:18,Non-venomous,0.42,0.352
2025-06-22 04:56:18,Non-venomous,0.41,0.365
2025-06-22 04:56:18,Non-venomous,0.38,0.376
2025-06-22 04:56:19,Non-venomous,0.43,0.342
2025-06-22 04:56:19,Non-venomous,0.46,0.35
2025-06-22 04:56:19,Non-venomous,0.48,0.353
2025-06-22 04:56:20,Non-venomous,0.48,0.356
2025-06-22 04:56:20,Non-venomous,0.46,0.351
2025-06-22 04:56:21,Non-venomous,0.47,0.364
2025-06-22 04:56:21,Non-venomous,0.49,0.344
2025-06-22 04:56:21,Non-venomous,0.50,0.36
2025-06-22 04:56:22,Non-venomous,0.54,0.362
2025-06-22 04:56:22,Non-venomous,0.50,0.35
2025-06-22 04:56:22,Non-venomous,0.49,0.354
2025-06-22 04:56:23,Non-venomous,0.44,0.355
2025-06-22 04:56:23,Non-venomous,0.53,0.352
2025-06-22 04:56:24,Non-venomous,0.50,0.371
2025-06-22 04:56:24,Non-venomous,0.51,0.35
2025-06-22 04:56:24,Non-venomous,0.52,0.348
2025-06-22 04:56:25,Non-venomous,0.51,0.353
2025-06-22 04:56:25,Non-venomous,0.55,0.357
2025-06-22 04:56:25,Non-venomous,0.55,0.351
2025-06-22 04:56:26,Non-venomous,0.52,0.378
2025-06-22 04:56:26,Non-venomous,0.62,0.375
2025-06-22 04:56:27,Non-venomous,0.62,0.373
2025-06-22 04:56:27,Non-venomous,0.62,0.35
2025-06-22 05:02:06,Non-venomous,0.47,0.956
2025-06-22 05:02:06,Non-venomous,0.42,0.469
2025-06-22 05:02:07,Non-venomous,0.40,0.417
2025-06-22 05:02:07,Non-venomous,0.38,0.41
2025-06-22 05:02:08,Non-venomous,0.41,0.388
2025-06-22 05:02:08,Non-venomous,0.38,0.362
2025-06-22 05:02:08,Non-venomous,0.40,0.349
2025-06-22 05:02:09,Non-venomous,0.42,0.371
2025-06-22 05:02:09,Non-venomous,0.41,0.358
2025-06-22 05:02:10,Non-venomous,0.42,0.341
2025-06-22 05:02:10,Non-venomous,0.42,0.347
2025-06-22 05:02:10,Non-venomous,0.43,0.347
2025-06-22 05:02:11,Non-venomous,0.43,0.341
2025-06-22 05:02:11,Non-venomous,0.46,0.35
2025-06-22 05:02:11,Non-venomous,0.35,0.38
2025-06-22 05:02:12,Non-venomous,0.42,0.373
2025-06-22 05:02:12,Non-venomous,0.40,0.342
2025-06-22 05:02:13,Non-venomous,0.39,0.348
2025-06-22 05:02:13,Non-venomous,0.39,0.342
2025-06-22 05:02:13,Non-venomous,0.41,0.348
2025-06-22 05:02:14,Non-venomous,0.41,0.345
2025-06-22 05:02:14,Non-venomous,0.44,0.37
2025-06-22 05:02:14,Non-venomous,0.48,0.354
2025-06-22 05:02:15,Non-venomous,0.51,0.348
2025-06-22 05:02:15,Non-venomous,0.49,0.352
2025-06-22 05:02:16,Non-venomous,0.51,0.378
2025-06-22 05:02:16,Non-venomous,0.51,0.374
2025-06-22 05:02:16,Non-venomous,0.51,0.37
2025-06-22 05:02:17,Non-venomous,0.57,0.378
2025-06-22 05:02:17,Non-venomous,0.54,0.351
2025-06-22 05:02:18,Non-venomous,0.52,0.429
2025-06-22 05:02:18,Non-venomous,0.52,0.361
2025-06-22 05:02:18,Non-venomous,0.52,0.371
2025-06-22 05:02:19,Non-venomous,0.51,0.352
2025-06-22 05:02:19,Non-venomous,0.50,0.373
2025-06-22 05:02:19,Non-venomous,0.50,0.376
2025-06-22 05:02:20,Non-venomous,0.53,0.321
2025-06-22 05:02:20,Non-venomous,0.49,0.33
2025-06-22 05:02:20,Non-venomous,0.47,0.318
2025-06-22 05:02:21,Non-venomous,0.46,0.313
2025-06-22 05:02:21,Non-venomous,0.51,0.305
2025-06-22 05:02:21,Non-venomous,0.48,0.308
2025-06-22 05:02:22,Non-venomous,0.54,0.319
2025-06-22 05:02:22,Non-venomous,0.46,0.319
2025-06-22 05:02:22,Non-venomous,0.44,0.307
2025-06-22 05:02:23,Non-venomous,0.46,0.308
2025-06-22 05:02:23,Non-venomous,0.45,0.306
2025-06-22 05:02:23,Non-venomous,0.51,0.309
2025-06-22 05:02:24,Non-venomous,0.49,0.311
2025-06-22 05:02:24,Non-venomous,0.55,0.323
2025-06-22 05:02:24,Non-venomous,0.54,0.317
2025-06-22 05:02:25,Non-venomous,0.52,0.315
2025-06-22 05:02:25,Non-venomous,0.55,0.313
2025-06-22 05:02:25,Non-venomous,0.55,0.313
2025-06-22 05:02:26,Non-venomous,0.56,0.3
2025-06-22 05:02:26,Non-venomous,0.53,0.328
2025-06-22 05:02:26,Non-venomous,0.54,0.305
2025-06-22 05:02:27,Non-venomous,0.53,0.306
2025-06-22 05:02:27,Non-venomous,0.53,0.312
2025-06-22 05:02:27,Non-venomous,0.53,0.34
2025-06-22 05:02:28,Non-venomous,0.55,0.351
2025-06-22 05:02:28,Non-venomous,0.55,0.347
2025-06-22 05:02:29,Non-venomous,0.58,0.343
2025-06-22 05:02:29,Non-venomous,0.56,0.345
2025-06-22 05:02:29,Non-venomous,0.56,0.349
2025-06-22 05:02:30,Non-venomous,0.51,0.345
2025-06-22 05:02:30,Non-venomous,0.49,0.344
2025-06-22 05:02:30,Non-venomous,0.50,0.362
2025-06-22 05:02:31,Non-venomous,0.50,0.371
2025-06-22 05:02:31,Non-venomous,0.52,0.353
2025-06-22 05:02:32,Non-venomous,0.45,0.377
2025-06-22 05:02:32,Non-venomous,0.45,0.345
2025-06-22 05:02:32,Non-venomous,0.43,0.347
2025-06-22 05:02:33,Non-venomous,0.47,0.345
2025-06-22 05:02:33,Non-venomous,0.48,0.346
2025-06-22 05:02:33,Non-venomous,0.54,0.368
2025-06-22 05:02:34,Non-venomous,0.49,0.353
2025-06-22 05:02:34,Non-venomous,0.52,0.353
2025-06-22 05:02:35,Non-venomous,0.61,0.376
2025-06-22 05:02:35,Non-venomous,0.57,0.348
2025-06-22 05:02:35,Non-venomous,0.54,0.343
2025-06-22 05:02:36,Non-venomous,0.48,0.351
2025-06-22 05:02:36,Non-venomous,0.50,0.372
2025-06-22 05:02:36,Non-venomous,0.49,0.359
2025-06-22 05:02:37,Non-venomous,0.51,0.367
2025-06-22 05:02:37,Non-venomous,0.50,0.35
2025-06-22 05:02:38,Non-venomous,0.51,0.352
2025-06-22 05:02:38,Non-venomous,0.49,0.352
2025-06-22 05:02:38,Non-venomous,0.52,0.358
2025-06-22 05:02:39,Non-venomous,0.51,0.347
2025-06-22 05:02:39,Non-venomous,0.53,0.354
2025-06-22 05:02:39,Non-venomous,0.52,0.356
2025-06-22 05:02:40,Non-venomous,0.55,0.344
2025-06-22 05:02:40,Non-venomous,0.50,0.353
2025-06-22 05:02:41,Non-venomous,0.56,0.361
2025-06-22 05:02:41,Non-venomous,0.64,0.355
2025-06-22 05:02:41,Non-venomous,0.62,0.354
2025-06-22 05:02:42,Non-venomous,0.59,0.35
2025-06-22 05:02:42,Non-venomous,0.64,0.356
2025-06-22 05:02:42,Non-venomous,0.50,0.35
2025-06-22 05:02:43,Non-venomous,0.52,0.381
2025-06-22 05:02:43,Non-venomous,0.51,0.379
2025-06-22 05:02:44,Non-venomous,0.56,0.364
2025-06-22 05:02:44,Non-venomous,0.56,0.361
2025-06-22 05:02:44,Non-venomous,0.51,0.353
2025-06-22 05:02:45,Non-venomous,0.56,0.36
2025-06-22 05:02:45,Non-venomous,0.59,0.359
2025-06-22 05:02:45,Non-venomous,0.58,0.351
2025-06-22 05:02:46,Non-venomous,0.64,0.351
2025-06-22 05:02:46,Non-venomous,0.64,0.35
2025-06-22 05:02:47,Non-venomous,0.58,0.354
2025-06-22 05:02:47,Non-venomous,0.55,0.359
2025-06-22 05:56:37,No Snake Detected / Human,-0.019,0.061
2025-06-22 05:56:38,No Snake Detected / Human,-0.086,0.064
2025-06-22 05:56:38,No Snake Detected / Human,-0.096,0.045
2025-06-22 05:56:38,No Snake Detected / Human,-0.082,0.037
2025-06-22 05:56:38,No Snake Detected / Human,-0.084,0.074
2025-06-22 05:56:38,No Snake Detected / Human,-0.088,0.04
2025-06-22 05:56:38,No Snake Detected / Human,-0.092,0.066
2025-06-22 05:56:38,No Snake Detected / Human,-0.059,0.118
2025-06-22 05:56:38,No Snake Detected / Human,-0.047,0.068
2025-06-22 05:56:38,No Snake Detected / Human,-0.079,0.055
2025-06-22 05:56:39,No Snake Detected / Human,-0.086,0.048
2025-06-22 05:56:39,No Snake Detected / Human,-0.056,0.041
2025-06-22 05:56:39,No Snake Detected / Human,-0.088,0.05
2025-06-22 05:56:39,No Snake Detected / Human,-0.101,0.067
2025-06-22 05:56:39,No Snake Detected / Human,-0.083,0.074
2025-06-22 05:56:39,No Snake Detected / Human,-0.091,0.037
2025-06-22 05:56:39,No Snake Detected / Human,-0.081,0.044
2025-06-22 05:56:39,No Snake Detected / Human,-0.099,0.04
2025-06-22 05:56:39,No Snake Detected / Human,-0.077,0.047
2025-06-22 05:56:39,No Snake Detected / Human,-0.100,0.039
2025-06-22 05:56:39,No Snake Detected / Human,-0.112,0.037
2025-06-22 05:56:39,No Snake Detected / Human,-0.098,0.044
2025-06-22 05:56:39,No Snake Detected / Human,-0.097,0.041
2025-06-22 05:56:39,No Snake Detected / Human,-0.118,0.039
2025-06-22 05:56:39,No Snake Detected / Human,-0.072,0.038
2025-06-22 05:56:40,No Snake Detected / Human,-0.086,0.049
2025-06-22 05:56:40,No Snake Detected / Human,-0.058,0.041
2025-06-22 05:56:40,No Snake Detected / Human,-0.070,0.042
2025-06-22 05:56:40,No Snake Detected / Human,-0.069,0.049
2025-06-22 05:56:40,No Snake Detected / Human,-0.056,0.043
2025-06-22 05:56:40,No Snake Detected / Human,-0.089,0.049
2025-06-22 05:56:40,No Snake Detected / Human,-0.059,0.051
2025-06-22 05:56:40,No Snake Detected / Human,-0.087,0.045
2025-06-22 05:56:40,No Snake Detected / Human,-0.082,0.045
2025-06-22 05:56:40,No Snake Detected / Human,-0.093,0.049
2025-06-22 05:56:40,No Snake Detected / Human,-0.077,0.044
2025-06-22 05:56:40,No Snake Detected / Human,-0.060,0.048
2025-06-22 05:56:40,No Snake Detected / Human,-0.060,0.049
2025-06-22 05:56:40,No Snake Detected / Human,-0.048,0.047
2025-06-22 05:56:41,No Snake Detected / Human,-0.058,0.049
2025-06-22 05:56:41,No Snake Detected / Human,-0.021,0.043
2025-06-22 05:56:41,No Snake Detected / Human,-0.048,0.046
2025-06-22 05:56:41,No Snake Detected / Human,-0.062,0.05
2025-06-22 05:56:41,No Snake Detected / Human,-0.069,0.048
2025-06-22 05:56:41,No Snake Detected / Human,-0.079,0.04
2025-06-22 05:56:41,No Snake Detected / Human,-0.035,0.047
2025-06-22 05:56:41,No Snake Detected / Human,0.016,0.051
2025-06-22 05:56:41,No Snake Detected / Human,0.018,0.043
2025-06-22 05:56:41,No Snake Detected / Human,-0.010,0.047
2025-06-22 05:56:41,No Snake Detected / Human,0.008,0.049
2025-06-22 05:56:41,No Snake Detected / Human,0.066,0.041
2025-06-22 05:56:41,No Snake Detected / Human,0.087,0.048
2025-06-22 05:56:41,No Snake Detected / Human,0.078,0.047
2025-06-22 05:56:41,No Snake Detected / Human,0.079,0.043
2025-06-22 05:56:42,No Snake Detected / Human,0.120,0.043
2025-06-22 05:56:42,No Snake Detected / Human,0.109,0.046
2025-06-22 05:56:42,No Snake Detected / Human,0.126,0.045
2025-06-22 05:56:42,No Snake Detected / Human,0.156,0.042
2025-06-22 05:56:42,No Snake Detected / Human,0.149,0.043
2025-06-22 05:56:42,No Snake Detected / Human,0.145,0.044
2025-06-22 05:56:42,No Snake Detected / Human,0.152,0.043
2025-06-22 05:56:42,No Snake Detected / Human,0.142,0.043
2025-06-22 05:56:42,No Snake Detected / Human,0.127,0.04
2025-06-22 05:56:42,No Snake Detected / Human,0.111,0.052
2025-06-22 05:56:42,No Snake Detected / Human,0.108,0.037
2025-06-22 05:56:42,No Snake Detected / Human,0.112,0.043
2025-06-22 05:56:42,No Snake Detected / Human,0.139,0.044
2025-06-22 05:56:42,No Snake Detected / Human,0.130,0.045
2025-06-22 05:56:42,No Snake Detected / Human,0.098,0.045
2025-06-22 05:56:43,No Snake Detected / Human,0.144,0.045
2025-06-22 05:56:43,No Snake Detected / Human,0.112,0.039
2025-06-22 05:56:43,No Snake Detected / Human,0.113,0.045
2025-06-22 05:56:43,No Snake Detected / Human,0.121,0.04
2025-06-22 05:56:43,No Snake Detected / Human,0.110,0.047
2025-06-22 05:56:43,No Snake Detected / Human,0.102,0.042
2025-06-22 05:56:43,No Snake Detected / Human,0.115,0.047
2025-06-22 05:56:43,No Snake Detected / Human,0.115,0.042
2025-06-22 05:56:43,No Snake Detected / Human,0.137,0.037
2025-06-22 05:56:43,No Snake Detected / Human,0.116,0.045
2025-06-22 05:56:43,No Snake Detected / Human,0.111,0.048
2025-06-22 05:56:43,No Snake Detected / Human,0.108,0.049
2025-06-22 05:56:43,No Snake Detected / Human,0.097,0.042
2025-06-22 05:56:43,No Snake Detected / Human,0.079,0.043
2025-06-22 05:56:43,No Snake Detected / Human,0.074,0.048
2025-06-22 05:56:44,No Snake Detected / Human,0.088,0.039
2025-06-22 05:56:44,No Snake Detected / Human,0.073,0.048
2025-06-22 05:56:44,No Snake Detected / Human,0.075,0.041
2025-06-22 05:56:44,No Snake Detected / Human,0.075,0.066
2025-06-22 05:56:44,No Snake Detected / Human,0.067,0.044
2025-06-22 05:56:44,No Snake Detected / Human,0.057,0.046
2025-06-22 05:56:44,No Snake Detected / Human,0.077,0.045
2025-06-22 05:56:44,No Snake Detected / Human,0.055,0.047
2025-06-22 05:56:44,No Snake Detected / Human,0.054,0.041
2025-06-22 05:56:44,No Snake Detected / Human,0.064,0.035
2025-06-22 05:56:44,No Snake Detected / Human,0.071,0.039
2025-06-22 05:56:44,No Snake Detected / Human,0.046,0.042
2025-06-22 05:56:44,No Snake Detected / Human,0.060,0.044
2025-06-22 05:56:44,No Snake Detected / Human,0.053,0.045
2025-06-22 05:56:44,No Snake Detected / Human,0.060,0.046
2025-06-22 05:56:45,No Snake Detected / Human,0.068,0.041
2025-06-22 05:56:45,No Snake Detected / Human,0.032,0.045
2025-06-22 05:56:45,No Snake Detected / Human,0.041,0.037
2025-06-22 05:56:45,No Snake Detected / Human,0.069,0.043
2025-06-22 05:56:45,No Snake Detected / Human,0.075,0.046
2025-06-22 05:56:45,No Snake Detected / Human,0.063,0.043
2025-06-22 05:56:45,No Snake Detected / Human,0.053,0.04
2025-06-22 05:56:45,No Snake Detected / Human,0.062,0.049
2025-06-22 05:56:45,No Snake Detected / Human,0.071,0.043
2025-06-22 05:56:45,No Snake Detected / Human,0.081,0.041
2025-06-22 05:56:45,No Snake Detected / Human,0.088,0.043
2025-06-22 05:56:45,No Snake Detected / Human,0.065,0.038
2025-06-22 05:56:45,No Snake Detected / Human,0.070,0.044
2025-06-22 05:56:45,No Snake Detected / Human,0.074,0.042
2025-06-22 05:56:45,No Snake Detected / Human,0.088,0.043
2025-06-22 05:56:46,No Snake Detected / Human,0.079,0.046
2025-06-22 05:56:46,No Snake Detected / Human,0.067,0.044
2025-06-22 05:56:46,No Snake Detected / Human,0.047,0.044
2025-06-22 05:56:46,No Snake Detected / Human,0.049,0.046
2025-06-22 05:56:46,No Snake Detected / Human,0.064,0.04
2025-06-22 05:56:46,No Snake Detected / Human,0.074,0.044
2025-06-22 05:56:46,No Snake Detected / Human,0.074,0.045
2025-06-22 05:56:46,No Snake Detected / Human,0.051,0.045
2025-06-22 05:56:46,No Snake Detected / Human,0.081,0.039
2025-06-22 05:56:46,No Snake Detected / Human,0.096,0.044
2025-06-22 05:56:46,No Snake Detected / Human,0.090,0.045
2025-06-22 05:56:46,No Snake Detected / Human,0.088,0.043
2025-06-22 05:56:46,No Snake Detected / Human,0.084,0.042
2025-06-22 05:56:46,No Snake Detected / Human,0.095,0.045
2025-06-22 05:56:46,No Snake Detected / Human,0.072,0.043
2025-06-22 05:56:47,No Snake Detected / Human,0.064,0.043
2025-06-22 05:56:47,No Snake Detected / Human,0.047,0.044
2025-06-22 05:56:47,No Snake Detected / Human,0.087,0.046
2025-06-22 05:56:47,No Snake Detected / Human,0.105,0.042
2025-06-22 05:56:47,No Snake Detected / Human,0.084,0.039
2025-06-22 05:56:47,No Snake Detected / Human,0.068,0.057
2025-06-22 05:56:47,No Snake Detected / Human,0.054,0.042
2025-06-22 05:56:47,No Snake Detected / Human,0.076,0.047
2025-06-22 05:56:47,No Snake Detected / Human,0.061,0.045
2025-06-22 05:56:47,No Snake Detected / Human,0.080,0.044
2025-06-22 05:56:47,No Snake Detected / Human,0.087,0.044
2025-06-22 05:56:47,No Snake Detected / Human,0.073,0.064
2025-06-22 05:56:47,No Snake Detected / Human,0.053,0.042
2025-06-22 05:56:47,No Snake Detected / Human,0.053,0.042
2025-06-22 05:56:47,No Snake Detected / Human,0.067,0.036
2025-06-22 05:56:48,No Snake Detected / Human,0.052,0.042
2025-06-22 05:56:48,No Snake Detected / Human,0.041,0.045
2025-06-22 05:56:48,No Snake Detected / Human,0.051,0.044
2025-06-22 05:56:48,No Snake Detected / Human,0.051,0.041
2025-06-22 05:56:48,No Snake Detected / Human,0.060,0.043
2025-06-22 05:56:48,No Snake Detected / Human,0.070,0.044
2025-06-22 05:56:48,No Snake Detected / Human,0.070,0.039
2025-06-22 05:56:48,No Snake Detected / Human,0.062,0.049
2025-06-22 05:56:48,No Snake Detected / Human,0.062,0.059
2025-06-22 05:56:48,No Snake Detected / Human,0.067,0.042
2025-06-22 05:56:48,No Snake Detected / Human,0.064,0.041
2025-06-22 05:56:48,No Snake Detected / Human,0.073,0.045
2025-06-22 05:56:48,No Snake Detected / Human,0.060,0.043
2025-06-22 05:56:48,No Snake Detected / Human,0.054,0.047
2025-06-22 05:56:49,No Snake Detected / Human,0.063,0.043
2025-06-22 05:56:49,No Snake Detected / Human,0.050,0.04
2025-06-22 05:56:49,No Snake Detected / Human,0.057,0.047
2025-06-22 05:56:49,No Snake Detected / Human,0.069,0.042
2025-06-22 05:56:49,No Snake Detected / Human,0.067,0.045
2025-06-22 05:56:49,No Snake Detected / Human,0.053,0.049
2025-06-22 05:56:49,No Snake Detected / Human,0.062,0.041
2025-06-22 05:56:49,No Snake Detected / Human,0.064,0.048
2025-06-22 05:56:49,No Snake Detected / Human,0.053,0.042
2025-06-22 05:56:49,No Snake Detected / Human,0.049,0.041
2025-06-22 05:56:49,No Snake Detected / Human,0.048,0.051
2025-06-22 05:56:49,No Snake Detected / Human,0.045,0.048
2025-06-22 05:56:49,No Snake Detected / Human,0.044,0.048
2025-06-22 05:56:49,No Snake Detected / Human,0.053,0.039
2025-06-22 05:56:49,No Snake Detected / Human,0.034,0.048
2025-06-22 05:56:50,No Snake Detected / Human,0.056,0.042
2025-06-22 05:56:50,No Snake Detected / Human,0.072,0.041
2025-06-22 05:56:50,No Snake Detected / Human,0.062,0.045
2025-06-22 05:56:50,No Snake Detected / Human,0.086,0.044
2025-06-22 05:56:50,No Snake Detected / Human,0.100,0.042
2025-06-22 05:56:50,No Snake Detected / Human,0.109,0.044
2025-06-22 05:56:50,No Snake Detected / Human,0.098,0.091
2025-06-22 05:56:50,No Snake Detected / Human,0.096,0.059
2025-06-22 05:56:50,No Snake Detected / Human,0.093,0.041
2025-06-22 05:56:50,No Snake Detected / Human,0.103,0.046
2025-06-22 05:56:50,No Snake Detected / Human,0.112,0.048
2025-06-22 05:56:50,No Snake Detected / Human,0.114,0.044
2025-06-22 05:56:50,No Snake Detected / Human,0.120,0.044
2025-06-22 05:56:50,No Snake Detected / Human,0.125,0.047
2025-06-22 05:56:50,No Snake Detected / Human,0.150,0.047
2025-06-22 05:56:51,No Snake Detected / Human,0.144,0.048
2025-06-22 05:56:51,No Snake Detected / Human,0.149,0.046
2025-06-22 05:56:51,No Snake Detected / Human,0.141,0.043
2025-06-22 05:56:51,No Snake Detected / Human,0.133,0.047
2025-06-22 05:56:51,No Snake Detected / Human,0.141,0.044
2025-06-22 05:56:51,No Snake Detected / Human,0.160,0.045
2025-06-22 05:56:51,No Snake Detected / Human,0.139,0.044
2025-06-22 05:56:51,No Snake Detected / Human,0.134,0.045
2025-06-22 05:56:51,No Snake Detected / Human,0.124,0.046
2025-06-22 05:56:51,No Snake Detected / Human,0.124,0.042
2025-06-22 05:56:51,No Snake Detected / Human,0.116,0.044
2025-06-22 05:56:51,No Snake Detected / Human,0.108,0.046
2025-06-22 05:56:51,No Snake Detected / Human,0.114,0.046
2025-06-22 05:56:51,No Snake Detected / Human,0.118,0.053
2025-06-22 05:56:51,No Snake Detected / Human,0.117,0.042
2025-06-22 05:56:52,No Snake Detected / Human,0.147,0.047
2025-06-22 05:56:52,No Snake Detected / Human,0.152,0.046
2025-06-22 05:56:52,No Snake Detected / Human,0.152,0.047
2025-06-22 05:56:52,No Snake Detected / Human,0.123,0.045
2025-06-22 05:56:52,No Snake Detected / Human,0.120,0.041
2025-06-22 05:56:52,No Snake Detected / Human,0.122,0.047
2025-06-22 05:56:52,No Snake Detected / Human,0.134,0.049
2025-06-22 05:56:52,No Snake Detected / Human,0.104,0.046
2025-06-22 05:56:52,No Snake Detected / Human,0.110,0.047
2025-06-22 05:56:52,No Snake Detected / Human,0.087,0.049
2025-06-22 05:56:52,No Snake Detected / Human,0.078,0.052
2025-06-22 05:56:52,No Snake Detected / Human,0.087,0.043
2025-06-22 05:56:52,No Snake Detected / Human,0.097,0.042
2025-06-22 05:56:52,No Snake Detected / Human,0.108,0.044
2025-06-22 05:56:52,No Snake Detected / Human,0.084,0.046
2025-06-22 05:56:53,No Snake Detected / Human,0.075,0.044
2025-06-22 05:56:53,No Snake Detected / Human,0.082,0.043
2025-06-22 05:56:53,No Snake Detected / Human,0.061,0.047
2025-06-22 05:56:53,No Snake Detected / Human,0.053,0.045
2025-06-22 05:56:53,No Snake Detected / Human,0.077,0.047
2025-06-22 05:56:53,No Snake Detected / Human,0.069,0.043
2025-06-22 05:56:53,No Snake Detected / Human,0.085,0.047
2025-06-22 05:56:53,No Snake Detected / Human,0.078,0.042
2025-06-22 05:56:53,No Snake Detected / Human,0.072,0.054
2025-06-22 05:56:53,No Snake Detected / Human,0.055,0.029
2025-06-22 05:56:53,No Snake Detected / Human,0.059,0.05
2025-06-22 05:56:53,No Snake Detected / Human,0.053,0.045
2025-06-22 05:56:53,No Snake Detected / Human,0.053,0.042
2025-06-22 05:56:53,No Snake Detected / Human,0.045,0.044
2025-06-22 05:56:53,No Snake Detected / Human,0.046,0.046
2025-06-22 05:56:53,No Snake Detected / Human,0.045,0.047
2025-06-22 05:56:54,No Snake Detected / Human,0.057,0.05
2025-06-22 05:56:54,No Snake Detected / Human,0.047,0.042
2025-06-22 05:56:54,No Snake Detected / Human,0.067,0.048
2025-06-22 05:56:54,No Snake Detected / Human,0.065,0.04
2025-06-22 05:56:54,No Snake Detected / Human,0.065,0.044
2025-06-22 05:56:54,No Snake Detected / Human,0.067,0.044
2025-06-22 05:56:54,No Snake Detected / Human,0.073,0.04
2025-06-22 05:56:54,No Snake Detected / Human,0.085,0.048
2025-06-22 05:56:54,No Snake Detected / Human,0.077,0.037
2025-06-22 05:56:54,No Snake Detected / Human,0.085,0.048
2025-06-22 05:56:54,No Snake Detected / Human,0.077,0.045
2025-06-22 05:56:54,No Snake Detected / Human,0.087,0.046
2025-06-22 05:56:54,No Snake Detected / Human,0.089,0.047
2025-06-22 05:56:54,No Snake Detected / Human,0.077,0.042
2025-06-22 05:56:54,No Snake Detected / Human,0.071,0.045
2025-06-22 05:56:55,No Snake Detected / Human,0.074,0.046
2025-06-22 05:56:55,No Snake Detected / Human,0.064,0.043
2025-06-22 05:56:55,No Snake Detected / Human,0.073,0.045
2025-06-22 05:56:55,No Snake Detected / Human,0.073,0.052
2025-06-22 05:56:55,No Snake Detected / Human,0.073,0.043
2025-06-22 05:56:55,No Snake Detected / Human,0.067,0.05
2025-06-22 05:56:55,No Snake Detected / Human,0.081,0.043
2025-06-22 05:56:55,No Snake Detected / Human,0.076,0.045
2025-06-22 05:56:55,No Snake Detected / Human,0.063,0.048
2025-06-22 05:56:55,No Snake Detected / Human,0.060,0.052
2025-06-22 05:56:55,No Snake Detected / Human,0.070,0.046
2025-06-22 05:56:55,No Snake Detected / Human,0.074,0.041
2025-06-22 05:56:55,No Snake Detected / Human,0.069,0.043
2025-06-22 05:56:55,No Snake Detected / Human,0.052,0.043
2025-06-22 05:56:55,No Snake Detected / Human,0.061,0.046
2025-06-22 05:56:56,No Snake Detected / Human,0.063,0.042
2025-06-22 05:56:56,No Snake Detected / Human,0.079,0.045
2025-06-22 05:56:56,No Snake Detected / Human,0.086,0.051
2025-06-22 05:56:56,No Snake Detected / Human,0.069,0.043
2025-06-22 05:56:56,No Snake Detected / Human,0.058,0.046
2025-06-22 05:56:56,No Snake Detected / Human,0.072,0.045
2025-06-22 05:56:56,No Snake Detected / Human,0.075,0.053
2025-06-22 05:56:56,No Snake Detected / Human,0.048,0.043
2025-06-22 05:56:56,No Snake Detected / Human,0.059,0.047
2025-06-22 05:56:56,No Snake Detected / Human,0.077,0.094
2025-06-22 05:56:56,No Snake Detected / Human,0.085,0.03
2025-06-22 05:56:56,No Snake Detected / Human,0.082,0.051
2025-06-22 05:56:56,No Snake Detected / Human,0.064,0.046
2025-06-22 05:56:56,No Snake Detected / Human,0.068,0.047
2025-06-22 05:56:56,No Snake Detected / Human,0.063,0.044
2025-06-22 05:56:57,No Snake Detected / Human,0.075,0.05
2025-06-22 05:56:57,No Snake Detected / Human,0.079,0.051
2025-06-22 05:56:57,No Snake Detected / Human,0.081,0.045
2025-06-22 05:56:57,No Snake Detected / Human,0.096,0.045
2025-06-22 05:56:57,No Snake Detected / Human,0.093,0.04
2025-06-22 05:56:57,No Snake Detected / Human,0.077,0.047
2025-06-22 05:56:57,No Snake Detected / Human,0.072,0.048
2025-06-22 05:56:57,No Snake Detected / Human,0.069,0.043
2025-06-22 05:56:57,No Snake Detected / Human,0.080,0.047
2025-06-22 05:56:57,No Snake Detected / Human,0.067,0.049
2025-06-22 05:56:57,No Snake Detected / Human,0.056,0.045
2025-06-22 05:56:57,No Snake Detected / Human,0.059,0.046
2025-06-22 05:56:57,No Snake Detected / Human,0.078,0.051
2025-06-22 05:56:57,No Snake Detected / Human,0.072,0.047
2025-06-22 05:56:57,No Snake Detected / Human,0.085,0.047
2025-06-22 05:56:58,No Snake Detected / Human,0.071,0.045
2025-06-22 05:56:58,No Snake Detected / Human,0.080,0.041
2025-06-22 05:56:58,No Snake Detected / Human,0.068,0.047
2025-06-22 05:56:58,No Snake Detected / Human,0.076,0.049
2025-06-22 05:56:58,No Snake Detected / Human,0.067,0.05
2025-06-22 05:56:58,No Snake Detected / Human,0.076,0.043
2025-06-22 05:56:58,No Snake Detected / Human,0.073,0.043
2025-06-22 05:56:58,No Snake Detected / Human,0.086,0.041
2025-06-22 05:56:58,No Snake Detected / Human,0.093,0.053
2025-06-22 05:56:58,No Snake Detected / Human,0.093,0.044
2025-06-22 05:56:58,No Snake Detected / Human,0.095,0.043
2025-06-22 05:56:58,No Snake Detected / Human,0.095,0.047
2025-06-22 05:56:58,No Snake Detected / Human,0.087,0.046
2025-06-22 05:56:58,No Snake Detected / Human,0.086,0.044
2025-06-22 05:56:58,No Snake Detected / Human,0.102,0.05
2025-06-22 05:56:59,No Snake Detected / Human,0.087,0.05
2025-06-22 05:56:59,No Snake Detected / Human,0.092,0.043
2025-06-22 05:56:59,No Snake Detected / Human,0.098,0.044
2025-06-22 05:56:59,No Snake Detected / Human,0.104,0.045
2025-06-22 05:56:59,No Snake Detected / Human,0.108,0.057
2025-06-22 05:56:59,No Snake Detected / Human,0.100,0.048
2025-06-22 05:56:59,No Snake Detected / Human,0.108,0.047
2025-06-22 05:56:59,No Snake Detected / Human,0.102,0.071
2025-06-22 05:56:59,No Snake Detected / Human,0.105,0.037
2025-06-22 05:56:59,No Snake Detected / Human,0.121,0.036
2025-06-22 05:56:59,No Snake Detected / Human,0.124,0.043
2025-06-22 05:56:59,No Snake Detected / Human,0.123,0.068
2025-06-22 05:56:59,No Snake Detected / Human,0.132,0.055
2025-06-22 05:56:59,No Snake Detected / Human,0.120,0.046
2025-06-22 05:57:00,No Snake Detected / Human,0.106,0.047
2025-06-22 05:57:00,No Snake Detected / Human,0.118,0.044
2025-06-22 05:57:00,No Snake Detected / Human,0.119,0.043
2025-06-22 05:57:00,No Snake Detected / Human,0.110,0.045
2025-06-22 05:57:00,No Snake Detected / Human,0.102,0.047
2025-06-22 05:57:00,No Snake Detected / Human,0.107,0.047
2025-06-22 05:57:00,No Snake Detected / Human,0.085,0.038
2025-06-22 05:57:00,No Snake Detected / Human,0.093,0.049
2025-06-22 05:57:00,No Snake Detected / Human,0.106,0.047
2025-06-22 05:57:00,No Snake Detected / Human,0.107,0.043
2025-06-22 05:57:00,No Snake Detected / Human,0.087,0.042
2025-06-22 05:57:00,No Snake Detected / Human,0.094,0.046
2025-06-22 05:57:00,No Snake Detected / Human,0.089,0.048
2025-06-22 05:57:00,No Snake Detected / Human,0.095,0.046
2025-06-22 05:57:00,No Snake Detected / Human,0.100,0.048
2025-06-22 05:57:01,No Snake Detected / Human,0.092,0.051
2025-06-22 05:57:01,No Snake Detected / Human,0.099,0.045
2025-06-22 05:57:01,No Snake Detected / Human,0.100,0.046
2025-06-22 05:57:01,No Snake Detected / Human,0.113,0.047
2025-06-22 05:57:01,No Snake Detected / Human,0.110,0.045
2025-06-22 05:57:01,No Snake Detected / Human,0.107,0.049
2025-06-22 05:57:01,No Snake Detected / Human,0.109,0.045
2025-06-22 05:57:01,No Snake Detected / Human,0.106,0.039
2025-06-22 05:57:01,No Snake Detected / Human,0.105,0.049
2025-06-22 05:57:01,No Snake Detected / Human,0.111,0.044
2025-06-22 05:57:01,No Snake Detected / Human,0.103,0.043
2025-06-22 05:57:01,No Snake Detected / Human,0.107,0.047
2025-06-22 05:57:01,No Snake Detected / Human,0.112,0.048
2025-06-22 05:57:01,No Snake Detected / Human,0.110,0.048
2025-06-22 05:57:01,No Snake Detected / Human,0.087,0.05
2025-06-22 05:57:02,No Snake Detected / Human,0.090,0.044
2025-06-22 05:57:02,No Snake Detected / Human,0.083,0.048
2025-06-22 05:57:02,No Snake Detected / Human,0.089,0.046
2025-06-22 05:57:02,No Snake Detected / Human,0.091,0.048
2025-06-22 05:57:02,No Snake Detected / Human,0.085,0.044
2025-06-22 05:57:02,No Snake Detected / Human,0.080,0.048
2025-06-22 05:57:02,No Snake Detected / Human,0.079,0.047
2025-06-22 05:57:02,No Snake Detected / Human,0.077,0.049
2025-06-22 05:57:02,No Snake Detected / Human,0.084,0.04
2025-06-22 05:57:02,No Snake Detected / Human,0.091,0.042
2025-06-22 05:57:02,No Snake Detected / Human,0.089,0.044
2025-06-22 05:57:02,No Snake Detected / Human,0.096,0.043
2025-06-22 05:57:02,No Snake Detected / Human,0.104,0.043
2025-06-22 05:57:02,No Snake Detected / Human,0.107,0.046
2025-06-22 05:57:02,No Snake Detected / Human,0.103,0.043
2025-06-22 05:57:03,No Snake Detected / Human,0.105,0.06
2025-06-22 05:57:03,No Snake Detected / Human,0.094,0.046
2025-06-22 05:57:03,No Snake Detected / Human,0.096,0.046
2025-06-22 05:57:03,No Snake Detected / Human,0.091,0.046
2025-06-22 05:57:03,No Snake Detected / Human,0.080,0.046
2025-06-22 05:57:03,No Snake Detected / Human,0.086,0.049
2025-06-22 05:57:03,No Snake Detected / Human,0.085,0.044
2025-06-22 05:57:03,No Snake Detected / Human,0.088,0.049
2025-06-22 05:57:03,No Snake Detected / Human,0.090,0.049
2025-06-22 05:57:03,No Snake Detected / Human,0.103,0.044
2025-06-22 05:57:03,No Snake Detected / Human,0.102,0.048
2025-06-22 05:57:03,No Snake Detected / Human,0.096,0.046
2025-06-22 05:57:03,No Snake Detected / Human,0.092,0.049
2025-06-22 05:57:03,No Snake Detected / Human,0.092,0.047
2025-06-22 05:57:03,No Snake Detected / Human,0.099,0.046
2025-06-22 05:57:04,No Snake Detected / Human,0.106,0.047
2025-06-22 05:57:04,No Snake Detected / Human,0.101,0.043
2025-06-22 05:57:04,No Snake Detected / Human,0.098,0.045
2025-06-22 05:57:04,No Snake Detected / Human,0.102,0.048
2025-06-22 05:57:04,No Snake Detected / Human,0.104,0.048
2025-06-22 05:57:04,No Snake Detected / Human,0.103,0.043
2025-06-22 05:57:04,No Snake Detected / Human,0.105,0.043
2025-06-22 05:57:04,No Snake Detected / Human,0.101,0.046
2025-06-22 05:57:04,No Snake Detected / Human,0.102,0.044
2025-06-22 05:57:04,No Snake Detected / Human,0.106,0.049
2025-06-22 05:57:04,No Snake Detected / Human,0.104,0.047
2025-06-22 05:57:04,No Snake Detected / Human,0.093,0.044
2025-06-22 05:57:04,No Snake Detected / Human,0.087,0.045
2025-06-22 05:57:04,No Snake Detected / Human,0.101,0.044
2025-06-22 05:57:04,No Snake Detected / Human,0.097,0.046
2025-06-22 05:57:05,No Snake Detected / Human,0.102,0.044
2025-06-22 05:57:05,No Snake Detected / Human,0.067,0.043
2025-06-22 05:57:05,No Snake Detected / Human,0.054,0.046
2025-06-22 05:57:05,No Snake Detected / Human,0.046,0.047
2025-06-22 05:57:05,No Snake Detected / Human,-0.046,0.044
2025-06-22 05:57:05,No Snake Detected / Human,-0.042,0.046
2025-06-22 05:57:05,No Snake Detected / Human,-0.093,0.047
2025-06-22 05:57:05,No Snake Detected / Human,-0.091,0.045
2025-06-22 05:57:05,No Snake Detected / Human,-0.119,0.045
2025-06-22 05:57:05,No Snake Detected / Human,-0.096,0.059
2025-06-22 05:57:05,No Snake Detected / Human,-0.083,0.046
2025-06-22 05:57:05,No Snake Detected / Human,-0.073,0.043
2025-06-22 05:57:05,No Snake Detected / Human,-0.070,0.048
2025-06-22 05:57:05,No Snake Detected / Human,-0.057,0.047
2025-06-22 05:57:05,No Snake Detected / Human,-0.079,0.046
2025-06-22 05:57:06,No Snake Detected / Human,-0.085,0.044
2025-06-22 05:57:06,No Snake Detected / Human,-0.045,0.058
2025-06-22 05:57:06,No Snake Detected / Human,-0.014,0.026
2025-06-22 05:57:06,No Snake Detected / Human,-0.096,0.047
2025-06-22 05:57:06,No Snake Detected / Human,-0.100,0.053
2025-06-22 05:57:06,No Snake Detected / Human,-0.113,0.051
2025-06-22 05:57:06,No Snake Detected / Human,-0.110,0.05
2025-06-22 05:57:06,No Snake Detected / Human,-0.104,0.046
2025-06-22 05:57:06,No Snake Detected / Human,-0.043,0.042
2025-06-22 05:57:06,No Snake Detected / Human,-0.065,0.049
2025-06-22 05:57:06,No Snake Detected / Human,-0.094,0.052
2025-06-22 05:57:06,No Snake Detected / Human,-0.071,0.054
2025-06-22 05:57:06,No Snake Detected / Human,-0.069,0.046
2025-06-22 05:57:06,No Snake Detected / Human,-0.079,0.047
2025-06-22 05:57:06,No Snake Detected / Human,-0.065,0.047
2025-06-22 05:57:07,No Snake Detected / Human,-0.083,0.049
2025-06-22 05:57:07,No Snake Detected / Human,-0.091,0.051
2025-06-22 05:57:07,No Snake Detected / Human,-0.096,0.048
2025-06-22 05:57:07,No Snake Detected / Human,-0.087,0.049
2025-06-22 05:57:07,No Snake Detected / Human,-0.100,0.049
2025-06-22 05:57:07,No Snake Detected / Human,-0.099,0.051
2025-06-22 05:57:07,No Snake Detected / Human,-0.087,0.049
2025-06-22 05:57:07,No Snake Detected / Human,-0.096,0.045
2025-06-22 05:57:07,No Snake Detected / Human,-0.090,0.052
2025-06-22 05:57:07,No Snake Detected / Human,-0.066,0.044
2025-06-22 05:57:07,No Snake Detected / Human,-0.049,0.053
2025-06-22 05:57:07,No Snake Detected / Human,-0.043,0.045
2025-06-22 05:57:07,No Snake Detected / Human,-0.061,0.05
2025-06-22 05:57:07,No Snake Detected / Human,-0.061,0.048
2025-06-22 05:57:07,No Snake Detected / Human,-0.084,0.049
2025-06-22 05:57:08,No Snake Detected / Human,-0.090,0.051
2025-06-22 05:57:08,No Snake Detected / Human,-0.068,0.045
2025-06-22 05:57:08,No Snake Detected / Human,-0.063,0.046
2025-06-22 05:57:08,No Snake Detected / Human,-0.054,0.046
2025-06-22 05:57:08,No Snake Detected / Human,-0.037,0.043
2025-06-22 05:57:08,No Snake Detected / Human,-0.012,0.052
2025-06-22 05:57:08,No Snake Detected / Human,-0.016,0.049
2025-06-22 05:57:08,No Snake Detected / Human,0.014,0.046
2025-06-22 05:57:08,No Snake Detected / Human,-0.002,0.044
2025-06-22 05:57:08,No Snake Detected / Human,0.001,0.052
2025-06-22 05:57:08,No Snake Detected / Human,0.024,0.047
2025-06-22 05:57:08,No Snake Detected / Human,-0.007,0.044
2025-06-22 05:57:08,No Snake Detected / Human,-0.012,0.049
2025-06-22 05:57:08,No Snake Detected / Human,0.001,0.049
2025-06-22 05:57:09,No Snake Detected / Human,0.004,0.046
2025-06-22 05:57:09,No Snake Detected / Human,0.002,0.046
2025-06-22 05:57:09,No Snake Detected / Human,-0.013,0.046
2025-06-22 05:57:09,No Snake Detected / Human,-0.052,0.047
2025-06-22 05:57:09,No Snake Detected / Human,-0.048,0.075
2025-06-22 05:57:09,No Snake Detected / Human,-0.033,0.052
2025-06-22 05:57:09,No Snake Detected / Human,-0.009,0.045
2025-06-22 05:57:09,No Snake Detected / Human,-0.023,0.05
2025-06-22 05:57:09,No Snake Detected / Human,-0.056,0.043
2025-06-22 05:57:09,No Snake Detected / Human,-0.035,0.05
2025-06-22 05:57:09,No Snake Detected / Human,-0.011,0.049
2025-06-22 05:57:09,No Snake Detected / Human,-0.030,0.049
2025-06-22 05:57:09,No Snake Detected / Human,-0.036,0.049
2025-06-22 05:57:09,No Snake Detected / Human,-0.025,0.048
2025-06-22 05:57:09,No Snake Detected / Human,-0.049,0.044
2025-06-22 05:57:10,No Snake Detected / Human,-0.028,0.049
2025-06-22 05:57:10,No Snake Detected / Human,-0.040,0.043
2025-06-22 05:57:10,No Snake Detected / Human,-0.062,0.053
2025-06-22 05:57:10,No Snake Detected / Human,-0.064,0.05
2025-06-22 05:57:10,No Snake Detected / Human,-0.055,0.051
2025-06-22 05:57:10,No Snake Detected / Human,-0.085,0.05
2025-06-22 05:57:10,No Snake Detected / Human,-0.098,0.046
2025-06-22 05:57:10,No Snake Detected / Human,-0.090,0.053
2025-06-22 05:57:10,No Snake Detected / Human,-0.030,0.051
2025-06-22 05:57:10,No Snake Detected / Human,0.001,0.049
2025-06-22 05:57:10,No Snake Detected / Human,0.020,0.048
2025-06-22 05:57:10,No Snake Detected / Human,0.002,0.049
2025-06-22 05:57:10,No Snake Detected / Human,-0.004,0.048
2025-06-22 05:57:10,No Snake Detected / Human,0.013,0.046
2025-06-22 05:57:11,No Snake Detected / Human,0.033,0.052
2025-06-22 05:57:11,No Snake Detected / Human,0.078,0.046
2025-06-22 05:57:11,No Snake Detected / Human,0.094,0.045
2025-06-22 05:57:11,No Snake Detected / Human,0.063,0.049
2025-06-22 05:57:11,No Snake Detected / Human,0.079,0.044
2025-06-22 05:57:11,No Snake Detected / Human,0.111,0.052
2025-06-22 05:57:11,No Snake Detected / Human,0.072,0.041
2025-06-22 05:57:11,No Snake Detected / Human,0.080,0.049
2025-06-22 05:57:11,No Snake Detected / Human,0.087,0.045
2025-06-22 05:57:11,No Snake Detected / Human,0.058,0.039
2025-06-22 05:57:11,No Snake Detected / Human,0.053,0.048
2025-06-22 05:57:11,No Snake Detected / Human,0.047,0.041
2025-06-22 05:57:11,No Snake Detected / Human,0.044,0.049
2025-06-22 05:57:11,No Snake Detected / Human,0.057,0.046
2025-06-22 05:57:11,No Snake Detected / Human,0.067,0.043
2025-06-22 05:57:11,No Snake Detected / Human,0.052,0.047
2025-06-22 05:57:12,No Snake Detected / Human,0.069,0.055
2025-06-22 05:57:12,No Snake Detected / Human,0.126,0.05
2025-06-22 05:57:12,No Snake Detected / Human,0.143,0.045
2025-06-22 05:57:12,No Snake Detected / Human,0.098,0.069
2025-06-22 05:57:12,No Snake Detected / Human,0.106,0.055
2025-06-22 05:57:12,No Snake Detected / Human,0.113,0.058
2025-06-22 05:57:12,No Snake Detected / Human,0.130,0.048
2025-06-22 05:57:12,No Snake Detected / Human,0.161,0.042
2025-06-22 05:57:12,No Snake Detected / Human,0.171,0.043
2025-06-22 05:57:12,No Snake Detected / Human,0.178,0.043
2025-06-22 05:57:12,No Snake Detected / Human,0.172,0.044
2025-06-22 05:57:12,No Snake Detected / Human,0.146,0.047
2025-06-22 05:57:12,No Snake Detected / Human,0.166,0.045
2025-06-22 05:57:12,No Snake Detected / Human,0.178,0.042
2025-06-22 05:57:13,No Snake Detected / Human,0.203,0.043
2025-06-22 05:57:13,No Snake Detected / Human,0.192,0.048
2025-06-22 05:57:13,No Snake Detected / Human,0.202,0.046
2025-06-22 05:57:13,No Snake Detected / Human,0.203,0.042
2025-06-22 05:57:13,No Snake Detected / Human,0.193,0.044
2025-06-22 05:57:13,No Snake Detected / Human,0.207,0.044
2025-06-22 05:57:13,No Snake Detected / Human,0.234,0.045
2025-06-22 05:57:13,No Snake Detected / Human,0.208,0.046
2025-06-22 05:57:13,No Snake Detected / Human,0.202,0.045
2025-06-22 05:57:13,No Snake Detected / Human,0.189,0.047
2025-06-22 05:57:13,No Snake Detected / Human,0.191,0.045
2025-06-22 05:57:13,No Snake Detected / Human,0.206,0.042
2025-06-22 05:57:13,No Snake Detected / Human,0.211,0.053
2025-06-22 05:57:13,No Snake Detected / Human,0.192,0.034
2025-06-22 05:57:13,No Snake Detected / Human,0.212,0.048
2025-06-22 05:57:14,No Snake Detected / Human,0.195,0.045
2025-06-22 05:57:14,No Snake Detected / Human,0.189,0.041
2025-06-22 05:57:14,No Snake Detected / Human,0.205,0.044
2025-06-22 05:57:14,No Snake Detected / Human,0.201,0.046
2025-06-22 05:57:14,No Snake Detected / Human,0.198,0.048
2025-06-22 05:57:14,No Snake Detected / Human,0.213,0.047
2025-06-22 05:57:14,No Snake Detected / Human,0.197,0.044
2025-06-22 05:57:14,No Snake Detected / Human,0.200,0.049
2025-06-22 05:57:14,No Snake Detected / Human,0.190,0.046
2025-06-22 05:57:14,No Snake Detected / Human,0.207,0.047
2025-06-22 05:57:14,No Snake Detected / Human,0.202,0.041
2025-06-22 05:57:14,No Snake Detected / Human,0.211,0.042
2025-06-22 05:57:14,No Snake Detected / Human,0.208,0.044
2025-06-22 05:57:14,No Snake Detected / Human,0.198,0.045
2025-06-22 05:57:14,No Snake Detected / Human,0.200,0.047
2025-06-22 05:57:15,No Snake Detected / Human,0.191,0.046
2025-06-22 05:57:15,No Snake Detected / Human,0.189,0.046
2025-06-22 05:57:15,No Snake Detected / Human,0.187,0.045
2025-06-22 05:57:15,No Snake Detected / Human,0.200,0.047
2025-06-22 05:57:15,No Snake Detected / Human,0.196,0.041
2025-06-22 05:57:15,No Snake Detected / Human,0.176,0.043
2025-06-22 05:57:15,No Snake Detected / Human,0.186,0.047
2025-06-22 05:57:15,No Snake Detected / Human,0.176,0.068
2025-06-22 05:57:15,No Snake Detected / Human,0.182,0.032
2025-06-22 05:57:15,No Snake Detected / Human,0.174,0.045
2025-06-22 05:57:15,No Snake Detected / Human,0.189,0.046
2025-06-22 05:57:15,No Snake Detected / Human,0.186,0.049
2025-06-22 05:57:15,No Snake Detected / Human,0.182,0.049
2025-06-22 05:57:15,No Snake Detected / Human,0.180,0.046
2025-06-22 05:57:15,No Snake Detected / Human,0.163,0.048
2025-06-22 05:57:16,No Snake Detected / Human,0.168,0.047
2025-06-22 05:57:16,No Snake Detected / Human,0.181,0.04
2025-06-22 05:57:16,No Snake Detected / Human,0.184,0.046
2025-06-22 05:57:16,No Snake Detected / Human,0.186,0.041
2025-06-22 05:57:16,No Snake Detected / Human,0.192,0.046
2025-06-22 05:57:16,No Snake Detected / Human,0.184,0.057
2025-06-22 05:57:16,No Snake Detected / Human,0.185,0.092
2025-06-22 05:57:16,No Snake Detected / Human,0.186,0.072
2025-06-22 05:57:16,No Snake Detected / Human,0.180,0.081
2025-06-22 05:57:16,No Snake Detected / Human,0.182,0.075
2025-06-22 05:57:16,No Snake Detected / Human,0.184,0.092
2025-06-22 05:57:17,No Snake Detected / Human,0.182,0.085
2025-06-22 05:57:17,No Snake Detected / Human,0.183,0.086
2025-06-22 05:57:17,No Snake Detected / Human,0.177,0.096
2025-06-22 05:57:17,No Snake Detected / Human,0.184,0.12
2025-06-22 05:57:17,No Snake Detected / Human,0.183,0.126
2025-06-22 05:57:17,No Snake Detected / Human,0.177,0.09
2025-06-22 05:57:17,No Snake Detected / Human,0.182,0.092
2025-06-22 05:57:17,No Snake Detected / Human,0.174,0.061
2025-06-22 05:57:18,No Snake Detected / Human,0.164,0.07
2025-06-22 05:57:18,No Snake Detected / Human,0.173,0.064
2025-06-22 05:57:18,No Snake Detected / Human,0.188,0.08
2025-06-22 05:57:18,No Snake Detected / Human,0.170,0.073
2025-06-22 05:57:18,No Snake Detected / Human,0.180,0.077
2025-06-22 05:57:18,No Snake Detected / Human,0.177,0.064
2025-06-22 05:57:18,No Snake Detected / Human,0.189,0.044
2025-06-22 05:57:18,No Snake Detected / Human,0.178,0.079
2025-06-22 05:57:18,No Snake Detected / Human,0.174,0.062
2025-06-22 05:57:18,No Snake Detected / Human,0.169,0.05
2025-06-22 05:57:18,No Snake Detected / Human,0.157,0.063
2025-06-22 05:57:19,No Snake Detected / Human,0.166,0.044
2025-06-22 05:57:19,No Snake Detected / Human,0.170,0.042
2025-06-22 05:57:19,No Snake Detected / Human,0.172,0.045
2025-06-22 05:57:19,No Snake Detected / Human,0.179,0.046
2025-06-22 05:57:19,No Snake Detected / Human,0.173,0.043
2025-06-22 05:57:19,No Snake Detected / Human,0.185,0.043
2025-06-22 05:57:19,No Snake Detected / Human,0.179,0.045
2025-06-22 05:57:19,No Snake Detected / Human,0.172,0.039
2025-06-22 05:57:19,No Snake Detected / Human,0.176,0.044
2025-06-22 05:57:19,No Snake Detected / Human,0.177,0.037
2025-06-22 05:57:19,No Snake Detected / Human,0.181,0.041
2025-06-22 05:57:19,No Snake Detected / Human,0.170,0.037
2025-06-22 05:57:19,No Snake Detected / Human,0.159,0.045
2025-06-22 05:57:19,No Snake Detected / Human,0.161,0.04
2025-06-22 05:57:19,No Snake Detected / Human,0.143,0.044
2025-06-22 05:57:20,No Snake Detected / Human,0.159,0.08
2025-06-22 05:57:20,No Snake Detected / Human,0.131,0.044
2025-06-22 05:57:20,No Snake Detected / Human,0.139,0.044
2025-06-22 05:57:20,No Snake Detected / Human,0.146,0.078
2025-06-22 05:57:20,No Snake Detected / Human,0.143,0.082
2025-06-22 05:57:20,No Snake Detected / Human,0.165,0.064
2025-06-22 05:57:20,No Snake Detected / Human,0.167,0.07
2025-06-22 05:57:20,No Snake Detected / Human,0.177,0.075
2025-06-22 05:57:20,No Snake Detected / Human,0.166,0.062
2025-06-22 05:57:20,No Snake Detected / Human,0.200,0.073
2025-06-22 05:57:20,No Snake Detected / Human,0.204,0.071
2025-06-22 05:57:21,No Snake Detected / Human,0.205,0.079
2025-06-22 05:57:21,No Snake Detected / Human,0.208,0.064
2025-06-22 05:57:21,No Snake Detected / Human,0.175,0.045
2025-06-22 05:57:21,No Snake Detected / Human,0.182,0.041
2025-06-22 05:57:21,No Snake Detected / Human,0.173,0.043
2025-06-22 05:57:21,No Snake Detected / Human,0.178,0.066
2025-06-22 05:57:21,No Snake Detected / Human,0.179,0.067
2025-06-22 05:57:21,No Snake Detected / Human,0.182,0.046
2025-06-22 05:57:21,No Snake Detected / Human,0.179,0.042
2025-06-22 05:57:21,No Snake Detected / Human,0.174,0.039
2025-06-22 05:57:21,No Snake Detected / Human,0.167,0.054
2025-06-22 05:57:21,No Snake Detected / Human,0.160,0.06
2025-06-22 05:57:21,No Snake Detected / Human,0.156,0.044
2025-06-22 05:57:22,No Snake Detected / Human,0.148,0.044
2025-06-22 05:57:22,No Snake Detected / Human,0.171,0.068
2025-06-22 05:57:22,No Snake Detected / Human,0.167,0.044
2025-06-22 05:57:22,No Snake Detected / Human,0.163,0.04
2025-06-22 05:57:22,No Snake Detected / Human,0.178,0.039
2025-06-22 05:57:22,No Snake Detected / Human,0.177,0.044
2025-06-22 05:57:22,No Snake Detected / Human,0.175,0.039
2025-06-22 05:57:22,No Snake Detected / Human,0.166,0.046
2025-06-22 05:57:22,No Snake Detected / Human,0.168,0.067
2025-06-22 05:57:22,No Snake Detected / Human,0.155,0.053
2025-06-22 05:57:22,No Snake Detected / Human,0.160,0.075
2025-06-22 05:57:22,No Snake Detected / Human,0.180,0.071
2025-06-22 05:57:23,No Snake Detected / Human,0.192,0.072
2025-06-22 05:57:23,No Snake Detected / Human,0.188,0.064
2025-06-22 05:57:23,No Snake Detected / Human,0.203,0.04
2025-06-22 05:57:23,No Snake Detected / Human,0.206,0.043
2025-06-22 05:57:23,No Snake Detected / Human,0.190,0.041
2025-06-22 05:57:23,No Snake Detected / Human,0.187,0.077
2025-06-22 05:57:23,No Snake Detected / Human,0.190,0.043
2025-06-22 05:57:23,No Snake Detected / Human,0.197,0.073
2025-06-22 05:57:23,No Snake Detected / Human,0.205,0.045
2025-06-22 05:57:23,No Snake Detected / Human,0.198,0.039
2025-06-22 05:57:23,No Snake Detected / Human,0.208,0.041
2025-06-22 05:57:23,No Snake Detected / Human,0.206,0.04
2025-06-22 05:57:23,No Snake Detected / Human,0.183,0.073
2025-06-22 05:57:24,No Snake Detected / Human,0.182,0.045
2025-06-22 05:57:24,No Snake Detected / Human,0.181,0.045
2025-06-22 05:57:24,No Snake Detected / Human,0.198,0.073
2025-06-22 05:57:24,No Snake Detected / Human,0.204,0.039
2025-06-22 05:57:24,No Snake Detected / Human,0.196,0.073
2025-06-22 05:57:24,No Snake Detected / Human,0.202,0.038
2025-06-22 05:57:24,No Snake Detected / Human,0.199,0.041
2025-06-22 05:57:24,No Snake Detected / Human,0.192,0.041
2025-06-22 05:57:24,No Snake Detected / Human,0.193,0.049
2025-06-22 05:57:24,No Snake Detected / Human,0.199,0.069
2025-06-22 05:57:24,No Snake Detected / Human,0.199,0.064
2025-06-22 05:57:24,No Snake Detected / Human,0.195,0.058
2025-06-22 05:57:24,No Snake Detected / Human,0.197,0.063
2025-06-22 05:57:25,No Snake Detected / Human,0.194,0.061
2025-06-22 05:57:25,No Snake Detected / Human,0.187,0.058
2025-06-22 05:57:25,No Snake Detected / Human,0.195,0.107
2025-06-22 05:57:25,No Snake Detected / Human,0.208,0.07
2025-06-22 05:57:25,No Snake Detected / Human,0.189,0.067
2025-06-22 05:57:25,No Snake Detected / Human,0.203,0.044
2025-06-22 05:57:25,No Snake Detected / Human,0.195,0.038
2025-06-22 05:57:25,No Snake Detected / Human,0.188,0.048
2025-06-22 05:57:25,No Snake Detected / Human,0.181,0.04
2025-06-22 05:57:25,No Snake Detected / Human,0.183,0.041
2025-06-22 05:57:25,No Snake Detected / Human,0.193,0.04
2025-06-22 05:57:25,No Snake Detected / Human,0.186,0.042
2025-06-22 05:57:26,No Snake Detected / Human,0.189,0.045
2025-06-22 05:57:26,No Snake Detected / Human,0.165,0.042
2025-06-22 05:57:26,No Snake Detected / Human,0.143,0.043
2025-06-22 05:57:26,No Snake Detected / Human,0.169,0.039
2025-06-22 05:57:26,No Snake Detected / Human,0.174,0.046
2025-06-22 05:57:26,No Snake Detected / Human,0.170,0.046
2025-06-22 05:57:26,No Snake Detected / Human,0.181,0.045
2025-06-22 05:57:26,No Snake Detected / Human,0.183,0.04
2025-06-22 05:57:26,No Snake Detected / Human,0.167,0.045
2025-06-22 05:57:26,No Snake Detected / Human,0.162,0.045
2025-06-22 05:57:26,No Snake Detected / Human,0.172,0.036
2025-06-22 05:57:26,No Snake Detected / Human,0.156,0.048
2025-06-22 05:57:26,No Snake Detected / Human,0.148,0.04
2025-06-22 05:57:26,No Snake Detected / Human,0.141,0.046
2025-06-22 05:57:26,No Snake Detected / Human,0.129,0.043
2025-06-22 05:57:27,No Snake Detected / Human,0.033,0.04
2025-06-22 05:57:27,No Snake Detected / Human,0.040,0.054
2025-06-22 05:57:27,No Snake Detected / Human,0.072,0.044
2025-06-22 05:57:27,No Snake Detected / Human,0.072,0.046
2025-06-22 05:57:27,No Snake Detected / Human,0.052,0.045
2025-06-22 05:57:27,No Snake Detected / Human,0.063,0.046
2025-06-22 05:57:27,No Snake Detected / Human,0.039,0.044
2025-06-22 05:57:27,No Snake Detected / Human,0.066,0.04
2025-06-22 05:57:27,No Snake Detected / Human,0.087,0.047
2025-06-22 05:57:27,No Snake Detected / Human,0.075,0.048
2025-06-22 05:57:27,No Snake Detected / Human,0.095,0.052
2025-06-22 05:57:27,No Snake Detected / Human,0.127,0.062
2025-06-22 05:57:27,No Snake Detected / Human,0.149,0.069
2025-06-22 05:57:27,No Snake Detected / Human,0.145,0.087
2025-06-22 05:57:28,No Snake Detected / Human,0.107,0.079
2025-06-22 05:57:28,No Snake Detected / Human,0.097,0.072
2025-06-22 05:57:28,No Snake Detected / Human,0.111,0.069
2025-06-22 05:57:28,No Snake Detected / Human,0.154,0.075
2025-06-22 05:57:28,No Snake Detected / Human,0.186,0.063
2025-06-22 05:57:28,No Snake Detected / Human,0.192,0.069
2025-06-22 05:57:28,No Snake Detected / Human,0.192,0.045
2025-06-22 05:57:28,No Snake Detected / Human,0.166,0.069
2025-06-22 05:57:28,No Snake Detected / Human,0.139,0.044
2025-06-22 05:57:28,No Snake Detected / Human,0.110,0.047
2025-06-22 05:57:28,No Snake Detected / Human,0.104,0.045
2025-06-22 05:57:29,No Snake Detected / Human,0.186,0.049
2025-06-22 05:57:29,No Snake Detected / Human,0.180,0.047
2025-06-22 05:57:29,No Snake Detected / Human,0.194,0.044
2025-06-22 05:57:29,No Snake Detected / Human,0.177,0.043
2025-06-22 05:57:29,No Snake Detected / Human,0.163,0.045
2025-06-22 05:57:29,No Snake Detected / Human,0.146,0.048
2025-06-22 05:57:29,No Snake Detected / Human,0.155,0.049
2025-06-22 05:57:29,No Snake Detected / Human,0.152,0.039
2025-06-22 05:57:29,No Snake Detected / Human,0.152,0.047
2025-06-22 05:57:29,No Snake Detected / Human,0.151,0.041
2025-06-22 05:57:29,No Snake Detected / Human,0.145,0.041
2025-06-22 05:57:29,No Snake Detected / Human,0.141,0.044
2025-06-22 05:57:29,No Snake Detected / Human,0.151,0.043
2025-06-22 05:57:29,No Snake Detected / Human,0.157,0.04
2025-06-22 05:57:29,No Snake Detected / Human,0.150,0.043
2025-06-22 05:57:30,No Snake Detected / Human,0.152,0.04
2025-06-22 05:57:30,No Snake Detected / Human,0.158,0.041
2025-06-22 05:57:30,No Snake Detected / Human,0.160,0.042
2025-06-22 05:57:30,No Snake Detected / Human,0.153,0.047
2025-06-22 05:57:30,No Snake Detected / Human,0.154,0.047
2025-06-22 05:57:30,No Snake Detected / Human,0.148,0.04
2025-06-22 05:57:30,No Snake Detected / Human,0.154,0.043
2025-06-22 05:57:30,No Snake Detected / Human,0.140,0.043
2025-06-22 05:57:30,No Snake Detected / Human,0.136,0.045
2025-06-22 05:57:30,No Snake Detected / Human,0.140,0.039
2025-06-22 05:57:30,No Snake Detected / Human,0.136,0.042
2025-06-22 05:57:30,No Snake Detected / Human,0.156,0.051
2025-06-22 05:57:30,No Snake Detected / Human,0.173,0.044
2025-06-22 05:57:30,No Snake Detected / Human,0.182,0.044
2025-06-22 05:57:30,No Snake Detected / Human,0.188,0.05
2025-06-22 05:57:31,No Snake Detected / Human,0.185,0.053
2025-06-22 05:57:31,No Snake Detected / Human,0.197,0.049
2025-06-22 05:57:31,No Snake Detected / Human,0.197,0.044
2025-06-22 05:57:31,No Snake Detected / Human,0.194,0.092
2025-06-22 05:57:31,No Snake Detected / Human,0.171,0.059
2025-06-22 05:57:31,No Snake Detected / Human,0.130,0.042
2025-06-22 05:57:31,No Snake Detected / Human,0.126,0.053
2025-06-22 05:57:31,No Snake Detected / Human,0.100,0.046
2025-06-22 05:57:31,No Snake Detected / Human,0.098,0.044
2025-06-22 05:57:31,No Snake Detected / Human,0.101,0.041
2025-06-22 05:57:31,No Snake Detected / Human,0.117,0.047
2025-06-22 05:57:31,No Snake Detected / Human,0.126,0.043
2025-06-22 05:57:31,No Snake Detected / Human,0.167,0.042
2025-06-22 05:57:31,No Snake Detected / Human,0.194,0.045
2025-06-22 05:57:31,No Snake Detected / Human,0.195,0.047
2025-06-22 05:57:32,No Snake Detected / Human,0.166,0.044
2025-06-22 05:57:32,No Snake Detected / Human,0.165,0.045
2025-06-22 05:57:32,No Snake Detected / Human,0.159,0.047
2025-06-22 05:57:32,No Snake Detected / Human,0.159,0.047
2025-06-22 05:57:32,No Snake Detected / Human,0.143,0.047
2025-06-22 05:57:32,No Snake Detected / Human,0.142,0.044
2025-06-22 05:57:32,No Snake Detected / Human,0.146,0.046
2025-06-22 05:57:32,No Snake Detected / Human,0.147,0.047
2025-06-22 05:57:32,No Snake Detected / Human,0.133,0.046
2025-06-22 05:57:32,No Snake Detected / Human,0.133,0.05
2025-06-22 05:57:32,No Snake Detected / Human,0.139,0.045
2025-06-22 05:57:32,No Snake Detected / Human,0.152,0.043
2025-06-22 05:57:32,No Snake Detected / Human,0.152,0.053
2025-06-22 05:57:32,No Snake Detected / Human,0.144,0.044
2025-06-22 05:57:32,No Snake Detected / Human,0.155,0.039
2025-06-22 05:57:33,No Snake Detected / Human,0.153,0.045
2025-06-22 05:57:33,No Snake Detected / Human,0.158,0.046
2025-06-22 05:57:33,No Snake Detected / Human,0.161,0.046
2025-06-22 05:57:33,No Snake Detected / Human,0.138,0.044
2025-06-22 05:57:33,No Snake Detected / Human,0.146,0.044
2025-06-22 05:57:33,No Snake Detected / Human,0.130,0.049
2025-06-22 05:57:33,No Snake Detected / Human,0.129,0.041
2025-06-22 05:57:33,No Snake Detected / Human,0.117,0.045
2025-06-22 05:57:33,No Snake Detected / Human,0.096,0.046
2025-06-22 05:57:33,No Snake Detected / Human,0.088,0.042
2025-06-22 05:57:33,No Snake Detected / Human,0.049,0.048
2025-06-22 05:57:33,No Snake Detected / Human,-0.003,0.045
2025-06-22 05:57:33,No Snake Detected / Human,-0.027,0.043
2025-06-22 05:57:33,No Snake Detected / Human,-0.046,0.056
2025-06-22 05:57:33,No Snake Detected / Human,-0.041,0.048
2025-06-22 05:57:34,No Snake Detected / Human,-0.027,0.048
2025-06-22 05:57:34,No Snake Detected / Human,0.034,0.048
2025-06-22 05:57:34,No Snake Detected / Human,0.065,0.046
2025-06-22 05:57:34,No Snake Detected / Human,0.043,0.051
2025-06-22 05:57:34,No Snake Detected / Human,0.046,0.045
2025-06-22 05:57:34,No Snake Detected / Human,0.079,0.071
2025-06-22 05:57:34,No Snake Detected / Human,0.067,0.059
2025-06-22 05:57:34,No Snake Detected / Human,0.065,0.044
2025-06-22 05:57:34,No Snake Detected / Human,0.045,0.048
2025-06-22 05:57:34,No Snake Detected / Human,0.026,0.049
2025-06-22 05:57:34,No Snake Detected / Human,0.016,0.047
2025-06-22 05:57:34,No Snake Detected / Human,-0.051,0.048
2025-06-22 05:57:34,No Snake Detected / Human,0.029,0.051
2025-06-22 05:57:34,No Snake Detected / Human,-0.046,0.046
2025-06-22 05:57:35,No Snake Detected / Human,-0.050,0.048
2025-06-22 05:57:35,No Snake Detected / Human,-0.055,0.045
2025-06-22 05:57:35,No Snake Detected / Human,-0.075,0.047
2025-06-22 05:57:35,No Snake Detected / Human,-0.070,0.05
2025-06-22 05:57:35,No Snake Detected / Human,-0.037,0.049
2025-06-22 05:57:35,No Snake Detected / Human,-0.041,0.039
2025-06-22 05:57:35,No Snake Detected / Human,-0.046,0.044
2025-06-22 05:57:35,No Snake Detected / Human,-0.040,0.049
2025-06-22 05:57:35,No Snake Detected / Human,-0.021,0.046
2025-06-22 05:57:35,No Snake Detected / Human,-0.034,0.047
2025-06-22 05:57:35,No Snake Detected / Human,-0.057,0.048
2025-06-22 05:57:35,No Snake Detected / Human,-0.067,0.041
2025-06-22 05:57:35,No Snake Detected / Human,-0.023,0.048
2025-06-22 05:57:35,No Snake Detected / Human,-0.070,0.05
2025-06-22 05:57:35,No Snake Detected / Human,-0.055,0.05
2025-06-22 05:57:36,No Snake Detected / Human,-0.069,0.048
2025-06-22 05:57:36,No Snake Detected / Human,-0.082,0.049
2025-06-22 05:57:36,No Snake Detected / Human,-0.051,0.049
2025-06-22 05:57:36,No Snake Detected / Human,-0.028,0.047
2025-06-22 05:57:36,No Snake Detected / Human,-0.016,0.049
2025-06-22 05:57:36,No Snake Detected / Human,0.003,0.047
2025-06-22 05:57:36,No Snake Detected / Human,0.001,0.049
2025-06-22 05:57:36,No Snake Detected / Human,-0.020,0.05
2025-06-22 05:57:36,No Snake Detected / Human,-0.013,0.051
2025-06-22 05:57:36,No Snake Detected / Human,-0.019,0.047
2025-06-22 05:57:36,No Snake Detected / Human,0.008,0.051
2025-06-22 05:57:36,No Snake Detected / Human,0.002,0.05
2025-06-22 05:57:36,No Snake Detected / Human,-0.001,0.047
2025-06-22 05:57:36,No Snake Detected / Human,0.010,0.04
2025-06-22 05:57:36,No Snake Detected / Human,0.064,0.05
2025-06-22 05:57:37,No Snake Detected / Human,0.020,0.05
2025-06-22 05:57:37,No Snake Detected / Human,0.009,0.045
2025-06-22 05:57:37,No Snake Detected / Human,-0.010,0.048
2025-06-22 05:57:37,No Snake Detected / Human,-0.006,0.054
2025-06-22 05:57:37,No Snake Detected / Human,-0.007,0.043
2025-06-22 05:57:37,No Snake Detected / Human,-0.036,0.05
2025-06-22 05:57:37,No Snake Detected / Human,-0.113,0.044
2025-06-22 05:57:37,No Snake Detected / Human,-0.093,0.05
2025-06-22 05:57:37,No Snake Detected / Human,-0.082,0.063
2025-06-22 05:57:37,No Snake Detected / Human,-0.112,0.052
2025-06-22 05:57:37,No Snake Detected / Human,-0.103,0.05
2025-06-22 05:57:37,No Snake Detected / Human,-0.099,0.043
2025-06-22 05:57:37,No Snake Detected / Human,-0.107,0.048
2025-06-22 05:57:37,No Snake Detected / Human,-0.094,0.047
2025-06-22 05:57:38,No Snake Detected / Human,-0.105,0.044
